USE staybnb

insert into Listings (l_id) values (001);
insert into Listings (l_id) values (002);
insert into Listings (l_id) values (003);
insert into Listings (l_id) values (004);
insert into Listings (l_id) values (005);
insert into Listings (l_id) values (006);
insert into Listings (l_id) values (007);
insert into Listings (l_id) values (008);
insert into Listings (l_id) values (009);
insert into Listings (l_id) values (010);
insert into Listings (l_id) values (011);
insert into Listings (l_id) values (012);
insert into Listings (l_id) values (013);
insert into Listings (l_id) values (014);
insert into Listings (l_id) values (015);
insert into Listings (l_id) values (016);
insert into Listings (l_id) values (017);
insert into Listings (l_id) values (018);
insert into Listings (l_id) values (019);
insert into Listings (l_id) values (020);
insert into Listings (l_id) values (021);
insert into Listings (l_id) values (022);
insert into Listings (l_id) values (023);
insert into Listings (l_id) values (024);
insert into Listings (l_id) values (025);
insert into Listings (l_id) values (026);
insert into Listings (l_id) values (027);
insert into Listings (l_id) values (028);
insert into Listings (l_id) values (029);
insert into Listings (l_id) values (030);
insert into Listings (l_id) values (031);
insert into Listings (l_id) values (032);
insert into Listings (l_id) values (033);
insert into Listings (l_id) values (034);
insert into Listings (l_id) values (035);
insert into Listings (l_id) values (036);
insert into Listings (l_id) values (037);
insert into Listings (l_id) values (038);
insert into Listings (l_id) values (039);
insert into Listings (l_id) values (040);
insert into Listings (l_id) values (041);
insert into Listings (l_id) values (042);
insert into Listings (l_id) values (043);
insert into Listings (l_id) values (044);
insert into Listings (l_id) values (045);
insert into Listings (l_id) values (046);
insert into Listings (l_id) values (047);
insert into Listings (l_id) values (048);
insert into Listings (l_id) values (049);
insert into Listings (l_id) values (050);
insert into Listings (l_id) values (051);
insert into Listings (l_id) values (052);
insert into Listings (l_id) values (053);
insert into Listings (l_id) values (054);
insert into Listings (l_id) values (055);
insert into Listings (l_id) values (056);
insert into Listings (l_id) values (057);
insert into Listings (l_id) values (058);
insert into Listings (l_id) values (059);
insert into Listings (l_id) values (060);
insert into Listings (l_id) values (061);
insert into Listings (l_id) values (062);
insert into Listings (l_id) values (063);
insert into Listings (l_id) values (064);
insert into Listings (l_id) values (065);
insert into Listings (l_id) values (066);
insert into Listings (l_id) values (067);
insert into Listings (l_id) values (068);
insert into Listings (l_id) values (069);
insert into Listings (l_id) values (070);
insert into Listings (l_id) values (071);
insert into Listings (l_id) values (072);
insert into Listings (l_id) values (073);
insert into Listings (l_id) values (074);
insert into Listings (l_id) values (075);
insert into Listings (l_id) values (076);
insert into Listings (l_id) values (077);
insert into Listings (l_id) values (078);
insert into Listings (l_id) values (079);
insert into Listings (l_id) values (080);
insert into Listings (l_id) values (081);
insert into Listings (l_id) values (082);
insert into Listings (l_id) values (083);
insert into Listings (l_id) values (084);
insert into Listings (l_id) values (085);
insert into Listings (l_id) values (086);
insert into Listings (l_id) values (087);
insert into Listings (l_id) values (088);
insert into Listings (l_id) values (089);
insert into Listings (l_id) values (090);
insert into Listings (l_id) values (091);
insert into Listings (l_id) values (092);
insert into Listings (l_id) values (093);
insert into Listings (l_id) values (094);
insert into Listings (l_id) values (095);
insert into Listings (l_id) values (096);
insert into Listings (l_id) values (097);
insert into Listings (l_id) values (098);
insert into Listings (l_id) values (099);
insert into Listings (l_id) values (100);


INSERT INTO Users (u_id, username, display_name, photo_url, profile_url) VALUES (1, 'dyitzovicz0', 'Darryl', 'http://dummyimage.com/222x177.png/dddddd/000000', 001);
INSERT INTO Users (u_id, username, display_name, photo_url, profile_url) VALUES (2, 'areinhart1', 'Antoine', 'http://dummyimage.com/183x214.jpg/cc0000/ffffff', 002);
INSERT INTO Users (u_id, username, display_name, photo_url, profile_url) VALUES (3, 'hmacmillan2', 'Hedi', 'http://dummyimage.com/109x116.bmp/ff4444/ffffff', 003);
INSERT INTO Users (u_id, username, display_name, photo_url, profile_url) VALUES (4, 'fburnep3', 'Fredi', 'http://dummyimage.com/113x213.png/cc0000/ffffff', 004);
INSERT INTO Users (u_id, username, display_name, photo_url, profile_url) VALUES (5, 'hchilley4', 'Hadley', 'http://dummyimage.com/150x186.png/dddddd/000000', 005);
INSERT INTO Users (u_id, username, display_name, photo_url, profile_url) VALUES (6, 'nbenedtti5', 'Nevil', 'http://dummyimage.com/198x122.bmp/cc0000/ffffff', 006);
INSERT INTO Users (u_id, username, display_name, photo_url, profile_url) VALUES (7, 'btregea6', 'Bernardine', 'http://dummyimage.com/238x121.png/5fa2dd/ffffff', 007);
INSERT INTO Users (u_id, username, display_name, photo_url, profile_url) VALUES (8, 'travenscroftt7', 'Trix', 'http://dummyimage.com/201x178.bmp/dddddd/000000', 008);
INSERT INTO Users (u_id, username, display_name, photo_url, profile_url) VALUES (9, 'cpratty8', 'Catharina', 'http://dummyimage.com/141x134.png/cc0000/ffffff', 009);
INSERT INTO Users (u_id, username, display_name, photo_url, profile_url) VALUES (10, 'cgrendon9', 'Celka', 'http://dummyimage.com/104x203.bmp/cc0000/ffffff', 010);



INSERT INTO Bookings (b_id, listings_id, users_id, stay_start, stay_end) VALUES (1,67,6,'2018-02-03','2018-05-19');
INSERT INTO Bookings (b_id, listings_id, users_id, stay_start, stay_end) VALUES (2,40,9,'2018-05-31','2018-08-10');
INSERT INTO Bookings (b_id, listings_id, users_id, stay_start, stay_end) VALUES (3,42,5,'2018-10-09','2018-07-10');
INSERT INTO Bookings (b_id, listings_id, users_id, stay_start, stay_end) VALUES (4,67,5,'2017-12-18','2018-03-04');
INSERT INTO Bookings (b_id, listings_id, users_id, stay_start, stay_end) VALUES (5,73,3,'2018-08-27','2018-01-24');
INSERT INTO Bookings (b_id, listings_id, users_id, stay_start, stay_end) VALUES (6,46,5,'2018-06-12','2018-10-08');
INSERT INTO Bookings (b_id, listings_id, users_id, stay_start, stay_end) VALUES (7,82,9,'2018-01-12','2018-02-25');
INSERT INTO Bookings (b_id, listings_id, users_id, stay_start, stay_end) VALUES (8,1,7,'2018-08-01','2018-06-09');
INSERT INTO Bookings (b_id, listings_id, users_id, stay_start, stay_end) VALUES (9,29,2,'2018-02-15','2018-09-19');
INSERT INTO Bookings (b_id, listings_id, users_id, stay_start, stay_end) VALUES (10,81,8,'2018-02-11','2018-06-20');
INSERT INTO Bookings (b_id, listings_id, users_id, stay_start, stay_end) VALUES (11,70,8,'2018-09-26','2018-07-18');
INSERT INTO Bookings (b_id, listings_id, users_id, stay_start, stay_end) VALUES (12,34,7,'2018-08-23','2017-10-26');
INSERT INTO Bookings (b_id, listings_id, users_id, stay_start, stay_end) VALUES (13,27,4,'2017-10-25','2018-03-10');
INSERT INTO Bookings (b_id, listings_id, users_id, stay_start, stay_end) VALUES (14,55,8,'2017-12-08','2018-03-23');
INSERT INTO Bookings (b_id, listings_id, users_id, stay_start, stay_end) VALUES (15,6,10,'2018-10-09','2018-06-28');
INSERT INTO Bookings (b_id, listings_id, users_id, stay_start, stay_end) VALUES (16,10,7,'2018-10-20','2017-12-29');
INSERT INTO Bookings (b_id, listings_id, users_id, stay_start, stay_end) VALUES (17,10,9,'2017-12-11','2018-02-03');
INSERT INTO Bookings (b_id, listings_id, users_id, stay_start, stay_end) VALUES (18,19,4,'2018-05-18','2018-05-28');
INSERT INTO Bookings (b_id, listings_id, users_id, stay_start, stay_end) VALUES (19,76,5,'2017-10-28','2018-03-22');
INSERT INTO Bookings (b_id, listings_id, users_id, stay_start, stay_end) VALUES (20,3,10,'2018-03-25','2018-09-11');
INSERT INTO Bookings (b_id, listings_id, users_id, stay_start, stay_end) VALUES (21,32,2,'2018-09-18','2017-11-20');
INSERT INTO Bookings (b_id, listings_id, users_id, stay_start, stay_end) VALUES (22,48,10,'2017-10-29','2018-05-17');
INSERT INTO Bookings (b_id, listings_id, users_id, stay_start, stay_end) VALUES (23,25,2,'2018-08-31','2018-07-04');
INSERT INTO Bookings (b_id, listings_id, users_id, stay_start, stay_end) VALUES (24,63,5,'2018-06-23','2017-12-01');
INSERT INTO Bookings (b_id, listings_id, users_id, stay_start, stay_end) VALUES (25,22,6,'2018-08-10','2018-02-24');
INSERT INTO Bookings (b_id, listings_id, users_id, stay_start, stay_end) VALUES (26,4,7,'2018-04-10','2018-01-18');
INSERT INTO Bookings (b_id, listings_id, users_id, stay_start, stay_end) VALUES (27,19,9,'2018-06-01','2018-05-26');
INSERT INTO Bookings (b_id, listings_id, users_id, stay_start, stay_end) VALUES (28,18,1,'2018-02-16','2017-10-26');
INSERT INTO Bookings (b_id, listings_id, users_id, stay_start, stay_end) VALUES (29,31,9,'2018-10-13','2017-12-28');
INSERT INTO Bookings (b_id, listings_id, users_id, stay_start, stay_end) VALUES (30,21,8,'2018-02-02','2018-01-30');
INSERT INTO Bookings (b_id, listings_id, users_id, stay_start, stay_end) VALUES (31,62,5,'2017-11-08','2017-11-11');
INSERT INTO Bookings (b_id, listings_id, users_id, stay_start, stay_end) VALUES (32,21,10,'2017-11-22','2018-08-05');
INSERT INTO Bookings (b_id, listings_id, users_id, stay_start, stay_end) VALUES (33,55,9,'2018-10-05','2018-03-12');
INSERT INTO Bookings (b_id, listings_id, users_id, stay_start, stay_end) VALUES (34,37,1,'2018-03-14','2018-04-10');
INSERT INTO Bookings (b_id, listings_id, users_id, stay_start, stay_end) VALUES (35,56,4,'2018-04-26','2018-05-11');
INSERT INTO Bookings (b_id, listings_id, users_id, stay_start, stay_end) VALUES (36,92,6,'2017-11-30','2018-04-03');
INSERT INTO Bookings (b_id, listings_id, users_id, stay_start, stay_end) VALUES (37,9,7,'2018-08-01','2018-09-26');
INSERT INTO Bookings (b_id, listings_id, users_id, stay_start, stay_end) VALUES (38,5,10,'2017-11-13','2018-07-12');
INSERT INTO Bookings (b_id, listings_id, users_id, stay_start, stay_end) VALUES (39,51,4,'2018-10-14','2018-03-10');
INSERT INTO Bookings (b_id, listings_id, users_id, stay_start, stay_end) VALUES (40,11,5,'2018-02-15','2018-10-02');
INSERT INTO Bookings (b_id, listings_id, users_id, stay_start, stay_end) VALUES (41,38,8,'2018-09-06','2018-08-05');
INSERT INTO Bookings (b_id, listings_id, users_id, stay_start, stay_end) VALUES (42,79,2,'2018-08-23','2018-08-19');
INSERT INTO Bookings (b_id, listings_id, users_id, stay_start, stay_end) VALUES (43,13,3,'2018-02-25','2018-03-15');
INSERT INTO Bookings (b_id, listings_id, users_id, stay_start, stay_end) VALUES (44,98,9,'2018-07-22','2018-06-06');
INSERT INTO Bookings (b_id, listings_id, users_id, stay_start, stay_end) VALUES (45,20,2,'2018-04-18','2018-03-24');
INSERT INTO Bookings (b_id, listings_id, users_id, stay_start, stay_end) VALUES (46,18,9,'2018-08-24','2018-02-23');
INSERT INTO Bookings (b_id, listings_id, users_id, stay_start, stay_end) VALUES (47,2,4,'2018-05-30','2018-05-24');
INSERT INTO Bookings (b_id, listings_id, users_id, stay_start, stay_end) VALUES (48,39,5,'2017-11-04','2017-12-25');
INSERT INTO Bookings (b_id, listings_id, users_id, stay_start, stay_end) VALUES (49,6,3,'2018-08-14','2018-06-06');
INSERT INTO Bookings (b_id, listings_id, users_id, stay_start, stay_end) VALUES (50,77,6,'2018-05-14','2017-11-28');
INSERT INTO Bookings (b_id, listings_id, users_id, stay_start, stay_end) VALUES (51,61,5,'2018-02-28','2018-07-11');
INSERT INTO Bookings (b_id, listings_id, users_id, stay_start, stay_end) VALUES (52,34,1,'2018-04-17','2018-05-04');
INSERT INTO Bookings (b_id, listings_id, users_id, stay_start, stay_end) VALUES (53,61,5,'2017-12-25','2018-09-21');
INSERT INTO Bookings (b_id, listings_id, users_id, stay_start, stay_end) VALUES (54,53,9,'2017-12-31','2017-11-28');
INSERT INTO Bookings (b_id, listings_id, users_id, stay_start, stay_end) VALUES (55,89,2,'2018-02-15','2018-03-31');
INSERT INTO Bookings (b_id, listings_id, users_id, stay_start, stay_end) VALUES (56,77,9,'2018-08-30','2018-06-13');
INSERT INTO Bookings (b_id, listings_id, users_id, stay_start, stay_end) VALUES (57,99,10,'2018-01-03','2018-05-24');
INSERT INTO Bookings (b_id, listings_id, users_id, stay_start, stay_end) VALUES (58,88,4,'2018-01-11','2018-08-26');
INSERT INTO Bookings (b_id, listings_id, users_id, stay_start, stay_end) VALUES (59,93,1,'2018-04-13','2018-01-14');
INSERT INTO Bookings (b_id, listings_id, users_id, stay_start, stay_end) VALUES (60,66,4,'2018-04-03','2018-07-25');
INSERT INTO Bookings (b_id, listings_id, users_id, stay_start, stay_end) VALUES (61,54,5,'2018-06-30','2018-03-23');
INSERT INTO Bookings (b_id, listings_id, users_id, stay_start, stay_end) VALUES (62,77,9,'2017-12-25','2018-04-30');
INSERT INTO Bookings (b_id, listings_id, users_id, stay_start, stay_end) VALUES (63,19,9,'2018-08-11','2018-05-28');
INSERT INTO Bookings (b_id, listings_id, users_id, stay_start, stay_end) VALUES (64,56,2,'2018-02-09','2018-06-03');
INSERT INTO Bookings (b_id, listings_id, users_id, stay_start, stay_end) VALUES (65,36,2,'2017-11-03','2018-04-28');
INSERT INTO Bookings (b_id, listings_id, users_id, stay_start, stay_end) VALUES (66,91,5,'2018-06-09','2017-12-29');
INSERT INTO Bookings (b_id, listings_id, users_id, stay_start, stay_end) VALUES (67,64,7,'2017-11-28','2018-02-07');
INSERT INTO Bookings (b_id, listings_id, users_id, stay_start, stay_end) VALUES (68,41,5,'2018-08-20','2017-11-04');
INSERT INTO Bookings (b_id, listings_id, users_id, stay_start, stay_end) VALUES (69,37,7,'2018-09-29','2018-04-07');
INSERT INTO Bookings (b_id, listings_id, users_id, stay_start, stay_end) VALUES (70,32,1,'2018-09-01','2018-10-06');
INSERT INTO Bookings (b_id, listings_id, users_id, stay_start, stay_end) VALUES (71,88,3,'2018-04-16','2018-09-14');
INSERT INTO Bookings (b_id, listings_id, users_id, stay_start, stay_end) VALUES (72,47,10,'2018-06-06','2018-07-21');
INSERT INTO Bookings (b_id, listings_id, users_id, stay_start, stay_end) VALUES (73,33,10,'2018-09-03','2018-03-31');
INSERT INTO Bookings (b_id, listings_id, users_id, stay_start, stay_end) VALUES (74,26,7,'2018-08-29','2018-10-19');
INSERT INTO Bookings (b_id, listings_id, users_id, stay_start, stay_end) VALUES (75,17,3,'2018-02-05','2018-03-14');
INSERT INTO Bookings (b_id, listings_id, users_id, stay_start, stay_end) VALUES (76,61,1,'2018-01-31','2018-06-27');
INSERT INTO Bookings (b_id, listings_id, users_id, stay_start, stay_end) VALUES (77,76,9,'2018-08-09','2018-07-17');
INSERT INTO Bookings (b_id, listings_id, users_id, stay_start, stay_end) VALUES (78,83,1,'2018-05-15','2018-04-29');
INSERT INTO Bookings (b_id, listings_id, users_id, stay_start, stay_end) VALUES (79,83,10,'2018-05-07','2018-02-09');
INSERT INTO Bookings (b_id, listings_id, users_id, stay_start, stay_end) VALUES (80,13,5,'2018-06-23','2018-02-28');
INSERT INTO Bookings (b_id, listings_id, users_id, stay_start, stay_end) VALUES (81,75,4,'2017-11-25','2018-10-03');
INSERT INTO Bookings (b_id, listings_id, users_id, stay_start, stay_end) VALUES (82,47,3,'2018-01-30','2018-01-18');
INSERT INTO Bookings (b_id, listings_id, users_id, stay_start, stay_end) VALUES (83,80,7,'2018-06-07','2017-11-27');
INSERT INTO Bookings (b_id, listings_id, users_id, stay_start, stay_end) VALUES (84,25,5,'2018-09-03','2018-10-11');
INSERT INTO Bookings (b_id, listings_id, users_id, stay_start, stay_end) VALUES (85,56,2,'2018-02-27','2018-10-15');
INSERT INTO Bookings (b_id, listings_id, users_id, stay_start, stay_end) VALUES (86,42,8,'2018-09-04','2018-05-16');
INSERT INTO Bookings (b_id, listings_id, users_id, stay_start, stay_end) VALUES (87,82,6,'2018-03-22','2018-06-02');
INSERT INTO Bookings (b_id, listings_id, users_id, stay_start, stay_end) VALUES (88,5,6,'2018-09-30','2018-02-27');
INSERT INTO Bookings (b_id, listings_id, users_id, stay_start, stay_end) VALUES (89,83,8,'2018-08-05','2018-03-18');
INSERT INTO Bookings (b_id, listings_id, users_id, stay_start, stay_end) VALUES (90,38,5,'2017-12-12','2018-08-18');
INSERT INTO Bookings (b_id, listings_id, users_id, stay_start, stay_end) VALUES (91,22,2,'2018-08-21','2017-11-13');
INSERT INTO Bookings (b_id, listings_id, users_id, stay_start, stay_end) VALUES (92,25,3,'2017-12-01','2018-02-24');
INSERT INTO Bookings (b_id, listings_id, users_id, stay_start, stay_end) VALUES (93,24,5,'2018-02-03','2018-09-25');
INSERT INTO Bookings (b_id, listings_id, users_id, stay_start, stay_end) VALUES (94,85,5,'2018-09-25','2017-12-07');
INSERT INTO Bookings (b_id, listings_id, users_id, stay_start, stay_end) VALUES (95,47,7,'2017-12-31','2018-10-11');
INSERT INTO Bookings (b_id, listings_id, users_id, stay_start, stay_end) VALUES (96,55,4,'2018-02-20','2018-02-09');
INSERT INTO Bookings (b_id, listings_id, users_id, stay_start, stay_end) VALUES (97,13,3,'2018-03-22','2017-11-02');
INSERT INTO Bookings (b_id, listings_id, users_id, stay_start, stay_end) VALUES (98,26,8,'2017-11-16','2018-01-19');
INSERT INTO Bookings (b_id, listings_id, users_id, stay_start, stay_end) VALUES (99,49,7,'2018-05-05','2018-06-05');
INSERT INTO Bookings (b_id, listings_id, users_id, stay_start, stay_end) VALUES (100,26,1,'2018-06-03','2018-01-05');

INSERT INTO Reviews 
(r_id, bookings_id, review_date, review, accuracy, communication, cleanliness, `location`, `check-in`, `value`)
VALUES
(1, 1, '2017-11-01', 'Nunc vitae cursus nulla, vitae mollis ligula. Praesent vitae erat non sapien iaculis blandit. Mauris porta bibendum magna et commodo. Pellentesque laoreet felis eu leo tempus rutrum. Integer ac molestie dolor. Nam interdum augue at consequat scelerisque. Maecenas sed libero et ante cursus condimentum et a libero. Nam gravida lacus enim, eget molestie lacus imperdiet quis. Nulla justo risus, egestas a ornare non, blandit vel eros. Nulla eget maximus eros. Aenean pharetra lorem et vehicula convallis. In consequat egestas commodo. Pellentesque vehicula aliquam nibh a pharetra. Proin dui velit, tempus ut feugiat at, faucibus quis elit.', 1, 2, 3, 4, 5, 4);

INSERT INTO Reviews 
(r_id, bookings_id, review_date, review, accuracy, communication, cleanliness, `location`, `check-in`, `value`)
VALUES
(2, 2, '2017-11-01', 'Phasellus vestibulum sodales massa ac vestibulum. Class aptent taciti sociosqu ad litora torquent per conubia nostra, per inceptos himenaeos. Proin at facilisis nulla. Mauris a aliquet ante, euismod gravida mauris. Nam hendrerit vitae eros vitae accumsan. Nullam in turpis libero. Praesent commodo quis urna at pharetra. Aliquam mauris nisi, vulputate ut mauris ut, sollicitudin molestie justo. Ut ac aliquam magna.', 5, 4, 3, 2, 1, 2);

INSERT INTO Reviews 
(r_id, bookings_id, review_date, review, accuracy, communication, cleanliness, `location`, `check-in`, `value`)
VALUES
(3, 3, '2017-11-01', 'Vestibulum id imperdiet lectus. Interdum et malesuada fames ac ante ipsum primis in faucibus. Aliquam sagittis augue ac venenatis faucibus. Curabitur in est egestas, euismod justo in, lobortis dolor. Etiam maximus ex nec consectetur molestie. Vestibulum dolor est, dignissim ac leo et, consectetur sagittis ligula. Nulla vehicula convallis hendrerit. In posuere porta commodo.', 3, 4, 5, 1, 2, 3);

INSERT INTO Reviews 
(r_id, bookings_id, review_date, review, accuracy, communication, cleanliness, `location`, `check-in`, `value`)
VALUES
(4, 4, '2017-11-01', 'Ut eu lorem risus. Curabitur mattis venenatis quam, eu ultrices mi venenatis a. Aliquam sollicitudin augue non est pulvinar, vel laoreet justo bibendum. Curabitur quis purus diam. Vivamus tempus orci at sagittis luctus. Nullam mauris ipsum, gravida pulvinar consequat vehicula, ornare id enim. Cras cursus mauris id erat varius, quis gravida ipsum mollis. Aenean ligula diam, ultrices id imperdiet vitae, malesuada sit amet tortor. Pellentesque habitant morbi tristique senectus et netus et malesuada fames ac turpis egestas. Quisque quis elit arcu. Sed semper tellus velit, sit amet tristique quam lobortis imperdiet. Phasellus id posuere turpis. Aliquam ut lacus eu nisi hendrerit vulputate.', 4, 5, 1, 2, 3, 4);

INSERT INTO Reviews 
(r_id, bookings_id, review_date, review, accuracy, communication, cleanliness, `location`, `check-in`, `value`)
VALUES
(5, 5, '2017-11-01', 'Donec consectetur eleifend lacus nec feugiat. Praesent vel orci ante. Aenean cursus, ante non commodo consectetur, lacus augue efficitur massa, at fringilla orci eros in elit. Proin ultrices tortor nunc, eget vehicula erat posuere eget. In interdum neque ac sem convallis hendrerit. Cras egestas sollicitudin mattis. Vivamus gravida purus sit amet consectetur tempor. Ut elit orci, iaculis a congue sed, suscipit at ex. Quisque at lacus eu tellus congue rutrum euismod eu leo. Morbi blandit sapien erat, a scelerisque lorem iaculis non. Nunc ultrices justo vel elit porttitor rutrum. Nulla suscipit ex sapien, ut bibendum erat imperdiet id. Quisque sit amet felis rutrum, iaculis ante convallis, semper tellus. Pellentesque habitant morbi tristique senectus et netus et malesuada fames ac turpis egestas. Sed condimentum maximus fermentum.', 5, 4, 3, 2, 1, 5);

INSERT INTO Reviews 
(r_id, bookings_id, review_date, review, accuracy, communication, cleanliness, `location`, `check-in`, `value`)
VALUES
(6, 6, '2017-11-01', 'In venenatis eget nisl eget commodo. Nunc tempus est non feugiat elementum. Vestibulum viverra, ipsum quis vulputate consequat, libero nunc porttitor libero, at molestie erat risus convallis ligula. Curabitur vitae posuere sapien, quis eleifend est. Nam placerat tortor ac massa tincidunt varius. Donec ut pretium risus, eu condimentum enim. Aliquam rhoncus ante magna, sit amet elementum mi feugiat a. Mauris suscipit urna quis ipsum auctor, non ullamcorper mi commodo. Maecenas in hendrerit est. Nulla rhoncus congue posuere. Lorem ipsum dolor sit amet, consectetur adipiscing elit.', 4, 3, 2, 1, 2, 3);

INSERT INTO Reviews 
(r_id, bookings_id, review_date, review, accuracy, communication, cleanliness, `location`, `check-in`, `value`)
VALUES
(7, 7, '2017-11-01', 'Nunc in sollicitudin tellus. Ut bibendum quam eget lectus ultricies molestie. Nulla sit amet imperdiet enim, vitae porta magna. Lorem ipsum dolor sit amet, consectetur adipiscing elit. Suspendisse elementum nisl a nisi lobortis vestibulum. Sed id justo dictum elit venenatis tempor. Mauris elementum massa enim, id pulvinar odio mattis sed. Nunc suscipit erat nec ex aliquet mollis. Vestibulum vel sodales mi, vitae sollicitudin magna. Quisque mollis, leo quis egestas semper, nisi elit interdum mauris, eu euismod est nulla at libero. Proin ut nisl at mauris mattis tristique.', 4, 5, 4, 3, 2, 1);

INSERT INTO Reviews 
(r_id, bookings_id, review_date, review, accuracy, communication, cleanliness, `location`, `check-in`, `value`)
VALUES
(8, 8, '2017-11-01', 'Curabitur consequat dolor quis orci imperdiet tristique. Nunc eu purus eu tellus facilisis vestibulum fermentum ut erat. Aenean varius auctor urna, in porttitor lectus tempor pulvinar. Vivamus felis mauris, maximus eget massa in, ullamcorper finibus quam. Aenean nibh dui, commodo sed metus et, laoreet placerat nunc. Maecenas iaculis justo lectus, tincidunt posuere ante tempor quis. Aenean ligula nulla, pharetra id est eleifend, cursus auctor eros. Quisque ut porta leo. Duis lacus odio, tempor at nisi at, pellentesque accumsan felis. Nulla luctus dui mattis urna egestas commodo. Fusce quis luctus tortor.', 2, 3, 4, 5, 4, 3);

INSERT INTO Reviews 
(r_id, bookings_id, review_date, review, accuracy, communication, cleanliness, `location`, `check-in`, `value`)
VALUES
(9, 9, '2017-11-01', 'Lorem ipsum dolor sit amet, consectetur adipiscing elit. Proin congue, dolor nec dictum accumsan, purus velit rhoncus justo, consequat hendrerit felis eros quis justo. Proin commodo malesuada libero. Aenean pharetra est eu maximus consequat. Etiam mattis et mi in pulvinar. Etiam rhoncus urna non est ultricies, vitae gravida est congue. Morbi lacinia nibh eget interdum vestibulum. Aliquam vitae metus sed enim pretium malesuada ac vel nibh. Duis tempus pharetra lectus. Nulla sit amet maximus felis.', 2, 1, 2, 3, 4, 5);

INSERT INTO Reviews 
(r_id, bookings_id, review_date, review, accuracy, communication, cleanliness, `location`, `check-in`, `value`)
VALUES
(10, 10, '2017-11-01', 'Vestibulum ex ante, blandit et lacus tincidunt, pulvinar mattis lorem. Ut condimentum sem risus, vel pulvinar turpis vulputate at. Nullam accumsan sit amet ex non semper. Vestibulum quis bibendum metus. Curabitur non nulla velit. Proin porttitor nibh id dolor convallis ullamcorper. Morbi accumsan nec odio at sagittis. Vestibulum ante ipsum primis in faucibus orci luctus et ultrices posuere cubilia Curae. Sed finibus tincidunt vehicula. In feugiat magna nec massa sollicitudin maximus eu in nisi.', 2, 1, 2, 3, 4, 5);

INSERT INTO Reviews 
(r_id, bookings_id, review_date, review, accuracy, communication, cleanliness, `location`, `check-in`, `value`)
VALUES
(11, 11, '2017-12-01', 'Nunc vitae cursus nulla, vitae mollis ligula. Praesent vitae erat non sapien iaculis blandit. Mauris porta bibendum magna et commodo. Pellentesque laoreet felis eu leo tempus rutrum. Integer ac molestie dolor. Nam interdum augue at consequat scelerisque. Maecenas sed libero et ante cursus condimentum et a libero. Nam gravida lacus enim, eget molestie lacus imperdiet quis. Nulla justo risus, egestas a ornare non, blandit vel eros. Nulla eget maximus eros. Aenean pharetra lorem et vehicula convallis. In consequat egestas commodo. Pellentesque vehicula aliquam nibh a pharetra. Proin dui velit, tempus ut feugiat at, faucibus quis elit.', 1, 2, 3, 4, 5, 4);

INSERT INTO Reviews 
(r_id, bookings_id, review_date, review, accuracy, communication, cleanliness, `location`, `check-in`, `value`)
VALUES
(12, 12, '2017-12-01', 'Phasellus vestibulum sodales massa ac vestibulum. Class aptent taciti sociosqu ad litora torquent per conubia nostra, per inceptos himenaeos. Proin at facilisis nulla. Mauris a aliquet ante, euismod gravida mauris. Nam hendrerit vitae eros vitae accumsan. Nullam in turpis libero. Praesent commodo quis urna at pharetra. Aliquam mauris nisi, vulputate ut mauris ut, sollicitudin molestie justo. Ut ac aliquam magna.', 5, 4, 3, 2, 1, 2);

INSERT INTO Reviews 
(r_id, bookings_id, review_date, review, accuracy, communication, cleanliness, `location`, `check-in`, `value`)
VALUES
(13, 13, '2017-12-01', 'Vestibulum id imperdiet lectus. Interdum et malesuada fames ac ante ipsum primis in faucibus. Aliquam sagittis augue ac venenatis faucibus. Curabitur in est egestas, euismod justo in, lobortis dolor. Etiam maximus ex nec consectetur molestie. Vestibulum dolor est, dignissim ac leo et, consectetur sagittis ligula. Nulla vehicula convallis hendrerit. In posuere porta commodo.', 3, 4, 5, 1, 2, 3);

INSERT INTO Reviews 
(r_id, bookings_id, review_date, review, accuracy, communication, cleanliness, `location`, `check-in`, `value`)
VALUES
(14, 14, '2017-12-01', 'Ut eu lorem risus. Curabitur mattis venenatis quam, eu ultrices mi venenatis a. Aliquam sollicitudin augue non est pulvinar, vel laoreet justo bibendum. Curabitur quis purus diam. Vivamus tempus orci at sagittis luctus. Nullam mauris ipsum, gravida pulvinar consequat vehicula, ornare id enim. Cras cursus mauris id erat varius, quis gravida ipsum mollis. Aenean ligula diam, ultrices id imperdiet vitae, malesuada sit amet tortor. Pellentesque habitant morbi tristique senectus et netus et malesuada fames ac turpis egestas. Quisque quis elit arcu. Sed semper tellus velit, sit amet tristique quam lobortis imperdiet. Phasellus id posuere turpis. Aliquam ut lacus eu nisi hendrerit vulputate.', 4, 5, 1, 2, 3, 4);

INSERT INTO Reviews 
(r_id, bookings_id, review_date, review, accuracy, communication, cleanliness, `location`, `check-in`, `value`)
VALUES
(15, 15, '2017-12-01', 'Donec consectetur eleifend lacus nec feugiat. Praesent vel orci ante. Aenean cursus, ante non commodo consectetur, lacus augue efficitur massa, at fringilla orci eros in elit. Proin ultrices tortor nunc, eget vehicula erat posuere eget. In interdum neque ac sem convallis hendrerit. Cras egestas sollicitudin mattis. Vivamus gravida purus sit amet consectetur tempor. Ut elit orci, iaculis a congue sed, suscipit at ex. Quisque at lacus eu tellus congue rutrum euismod eu leo. Morbi blandit sapien erat, a scelerisque lorem iaculis non. Nunc ultrices justo vel elit porttitor rutrum. Nulla suscipit ex sapien, ut bibendum erat imperdiet id. Quisque sit amet felis rutrum, iaculis ante convallis, semper tellus. Pellentesque habitant morbi tristique senectus et netus et malesuada fames ac turpis egestas. Sed condimentum maximus fermentum.', 5, 4, 3, 2, 1, 5);

INSERT INTO Reviews 
(r_id, bookings_id, review_date, review, accuracy, communication, cleanliness, `location`, `check-in`, `value`)
VALUES
(16, 16, '2017-12-01', 'In venenatis eget nisl eget commodo. Nunc tempus est non feugiat elementum. Vestibulum viverra, ipsum quis vulputate consequat, libero nunc porttitor libero, at molestie erat risus convallis ligula. Curabitur vitae posuere sapien, quis eleifend est. Nam placerat tortor ac massa tincidunt varius. Donec ut pretium risus, eu condimentum enim. Aliquam rhoncus ante magna, sit amet elementum mi feugiat a. Mauris suscipit urna quis ipsum auctor, non ullamcorper mi commodo. Maecenas in hendrerit est. Nulla rhoncus congue posuere. Lorem ipsum dolor sit amet, consectetur adipiscing elit.', 4, 3, 2, 1, 2, 3);

INSERT INTO Reviews 
(r_id, bookings_id, review_date, review, accuracy, communication, cleanliness, `location`, `check-in`, `value`)
VALUES
(17, 17, '2017-12-01', 'Nunc in sollicitudin tellus. Ut bibendum quam eget lectus ultricies molestie. Nulla sit amet imperdiet enim, vitae porta magna. Lorem ipsum dolor sit amet, consectetur adipiscing elit. Suspendisse elementum nisl a nisi lobortis vestibulum. Sed id justo dictum elit venenatis tempor. Mauris elementum massa enim, id pulvinar odio mattis sed. Nunc suscipit erat nec ex aliquet mollis. Vestibulum vel sodales mi, vitae sollicitudin magna. Quisque mollis, leo quis egestas semper, nisi elit interdum mauris, eu euismod est nulla at libero. Proin ut nisl at mauris mattis tristique.', 4, 5, 4, 3, 2, 1);

INSERT INTO Reviews 
(r_id, bookings_id, review_date, review, accuracy, communication, cleanliness, `location`, `check-in`, `value`)
VALUES
(18, 18, '2017-12-01', 'Curabitur consequat dolor quis orci imperdiet tristique. Nunc eu purus eu tellus facilisis vestibulum fermentum ut erat. Aenean varius auctor urna, in porttitor lectus tempor pulvinar. Vivamus felis mauris, maximus eget massa in, ullamcorper finibus quam. Aenean nibh dui, commodo sed metus et, laoreet placerat nunc. Maecenas iaculis justo lectus, tincidunt posuere ante tempor quis. Aenean ligula nulla, pharetra id est eleifend, cursus auctor eros. Quisque ut porta leo. Duis lacus odio, tempor at nisi at, pellentesque accumsan felis. Nulla luctus dui mattis urna egestas commodo. Fusce quis luctus tortor.', 2, 3, 4, 5, 4, 3);

INSERT INTO Reviews 
(r_id, bookings_id, review_date, review, accuracy, communication, cleanliness, `location`, `check-in`, `value`)
VALUES
(19, 19, '2017-12-01', 'Lorem ipsum dolor sit amet, consectetur adipiscing elit. Proin congue, dolor nec dictum accumsan, purus velit rhoncus justo, consequat hendrerit felis eros quis justo. Proin commodo malesuada libero. Aenean pharetra est eu maximus consequat. Etiam mattis et mi in pulvinar. Etiam rhoncus urna non est ultricies, vitae gravida est congue. Morbi lacinia nibh eget interdum vestibulum. Aliquam vitae metus sed enim pretium malesuada ac vel nibh. Duis tempus pharetra lectus. Nulla sit amet maximus felis.', 2, 1, 2, 3, 4, 5);

INSERT INTO Reviews 
(r_id, bookings_id, review_date, review, accuracy, communication, cleanliness, `location`, `check-in`, `value`)
VALUES
(20, 20, '2017-12-01', 'Vestibulum ex ante, blandit et lacus tincidunt, pulvinar mattis lorem. Ut condimentum sem risus, vel pulvinar turpis vulputate at. Nullam accumsan sit amet ex non semper. Vestibulum quis bibendum metus. Curabitur non nulla velit. Proin porttitor nibh id dolor convallis ullamcorper. Morbi accumsan nec odio at sagittis. Vestibulum ante ipsum primis in faucibus orci luctus et ultrices posuere cubilia Curae. Sed finibus tincidunt vehicula. In feugiat magna nec massa sollicitudin maximus eu in nisi.', 1, 2, 3, 4, 5, 4);

INSERT INTO Reviews 
(r_id, bookings_id, review_date, review, accuracy, communication, cleanliness, `location`, `check-in`, `value`)
VALUES
(21, 21, '2018-01-01', 'Nunc vitae cursus nulla, vitae mollis ligula. Praesent vitae erat non sapien iaculis blandit. Mauris porta bibendum magna et commodo. Pellentesque laoreet felis eu leo tempus rutrum. Integer ac molestie dolor. Nam interdum augue at consequat scelerisque. Maecenas sed libero et ante cursus condimentum et a libero. Nam gravida lacus enim, eget molestie lacus imperdiet quis. Nulla justo risus, egestas a ornare non, blandit vel eros. Nulla eget maximus eros. Aenean pharetra lorem et vehicula convallis. In consequat egestas commodo. Pellentesque vehicula aliquam nibh a pharetra. Proin dui velit, tempus ut feugiat at, faucibus quis elit.', 1, 2, 3, 4, 5, 4);

INSERT INTO Reviews 
(r_id, bookings_id, review_date, review, accuracy, communication, cleanliness, `location`, `check-in`, `value`)
VALUES
(22, 22, '2018-01-01', 'Phasellus vestibulum sodales massa ac vestibulum. Class aptent taciti sociosqu ad litora torquent per conubia nostra, per inceptos himenaeos. Proin at facilisis nulla. Mauris a aliquet ante, euismod gravida mauris. Nam hendrerit vitae eros vitae accumsan. Nullam in turpis libero. Praesent commodo quis urna at pharetra. Aliquam mauris nisi, vulputate ut mauris ut, sollicitudin molestie justo. Ut ac aliquam magna.', 5, 4, 3, 2, 1, 2);

INSERT INTO Reviews 
(r_id, bookings_id, review_date, review, accuracy, communication, cleanliness, `location`, `check-in`, `value`)
VALUES
(23, 23, '2018-01-01', 'Vestibulum id imperdiet lectus. Interdum et malesuada fames ac ante ipsum primis in faucibus. Aliquam sagittis augue ac venenatis faucibus. Curabitur in est egestas, euismod justo in, lobortis dolor. Etiam maximus ex nec consectetur molestie. Vestibulum dolor est, dignissim ac leo et, consectetur sagittis ligula. Nulla vehicula convallis hendrerit. In posuere porta commodo.', 3, 4, 5, 1, 2, 3);

INSERT INTO Reviews 
(r_id, bookings_id, review_date, review, accuracy, communication, cleanliness, `location`, `check-in`, `value`)
VALUES
(24, 24, '2018-01-01', 'Ut eu lorem risus. Curabitur mattis venenatis quam, eu ultrices mi venenatis a. Aliquam sollicitudin augue non est pulvinar, vel laoreet justo bibendum. Curabitur quis purus diam. Vivamus tempus orci at sagittis luctus. Nullam mauris ipsum, gravida pulvinar consequat vehicula, ornare id enim. Cras cursus mauris id erat varius, quis gravida ipsum mollis. Aenean ligula diam, ultrices id imperdiet vitae, malesuada sit amet tortor. Pellentesque habitant morbi tristique senectus et netus et malesuada fames ac turpis egestas. Quisque quis elit arcu. Sed semper tellus velit, sit amet tristique quam lobortis imperdiet. Phasellus id posuere turpis. Aliquam ut lacus eu nisi hendrerit vulputate.', 4, 5, 1, 2, 3, 4);

INSERT INTO Reviews 
(r_id, bookings_id, review_date, review, accuracy, communication, cleanliness, `location`, `check-in`, `value`)
VALUES
(25, 25, '2018-01-01', 'Donec consectetur eleifend lacus nec feugiat. Praesent vel orci ante. Aenean cursus, ante non commodo consectetur, lacus augue efficitur massa, at fringilla orci eros in elit. Proin ultrices tortor nunc, eget vehicula erat posuere eget. In interdum neque ac sem convallis hendrerit. Cras egestas sollicitudin mattis. Vivamus gravida purus sit amet consectetur tempor. Ut elit orci, iaculis a congue sed, suscipit at ex. Quisque at lacus eu tellus congue rutrum euismod eu leo. Morbi blandit sapien erat, a scelerisque lorem iaculis non. Nunc ultrices justo vel elit porttitor rutrum. Nulla suscipit ex sapien, ut bibendum erat imperdiet id. Quisque sit amet felis rutrum, iaculis ante convallis, semper tellus. Pellentesque habitant morbi tristique senectus et netus et malesuada fames ac turpis egestas. Sed condimentum maximus fermentum.', 5, 4, 3, 2, 1, 5);

INSERT INTO Reviews 
(r_id, bookings_id, review_date, review, accuracy, communication, cleanliness, `location`, `check-in`, `value`)
VALUES
(26, 26, '2018-01-01', 'In venenatis eget nisl eget commodo. Nunc tempus est non feugiat elementum. Vestibulum viverra, ipsum quis vulputate consequat, libero nunc porttitor libero, at molestie erat risus convallis ligula. Curabitur vitae posuere sapien, quis eleifend est. Nam placerat tortor ac massa tincidunt varius. Donec ut pretium risus, eu condimentum enim. Aliquam rhoncus ante magna, sit amet elementum mi feugiat a. Mauris suscipit urna quis ipsum auctor, non ullamcorper mi commodo. Maecenas in hendrerit est. Nulla rhoncus congue posuere. Lorem ipsum dolor sit amet, consectetur adipiscing elit.', 4, 3, 2, 1, 2, 3);

INSERT INTO Reviews 
(r_id, bookings_id, review_date, review, accuracy, communication, cleanliness, `location`, `check-in`, `value`)
VALUES
(27, 27, '2018-01-01', 'Nunc in sollicitudin tellus. Ut bibendum quam eget lectus ultricies molestie. Nulla sit amet imperdiet enim, vitae porta magna. Lorem ipsum dolor sit amet, consectetur adipiscing elit. Suspendisse elementum nisl a nisi lobortis vestibulum. Sed id justo dictum elit venenatis tempor. Mauris elementum massa enim, id pulvinar odio mattis sed. Nunc suscipit erat nec ex aliquet mollis. Vestibulum vel sodales mi, vitae sollicitudin magna. Quisque mollis, leo quis egestas semper, nisi elit interdum mauris, eu euismod est nulla at libero. Proin ut nisl at mauris mattis tristique.', 4, 5, 4, 3, 2, 1);

INSERT INTO Reviews 
(r_id, bookings_id, review_date, review, accuracy, communication, cleanliness, `location`, `check-in`, `value`)
VALUES
(28, 28, '2018-01-01', 'Curabitur consequat dolor quis orci imperdiet tristique. Nunc eu purus eu tellus facilisis vestibulum fermentum ut erat. Aenean varius auctor urna, in porttitor lectus tempor pulvinar. Vivamus felis mauris, maximus eget massa in, ullamcorper finibus quam. Aenean nibh dui, commodo sed metus et, laoreet placerat nunc. Maecenas iaculis justo lectus, tincidunt posuere ante tempor quis. Aenean ligula nulla, pharetra id est eleifend, cursus auctor eros. Quisque ut porta leo. Duis lacus odio, tempor at nisi at, pellentesque accumsan felis. Nulla luctus dui mattis urna egestas commodo. Fusce quis luctus tortor.', 2, 3, 4, 5, 4, 3);

INSERT INTO Reviews 
(r_id, bookings_id, review_date, review, accuracy, communication, cleanliness, `location`, `check-in`, `value`)
VALUES
(29, 29, '2018-01-01', 'Lorem ipsum dolor sit amet, consectetur adipiscing elit. Proin congue, dolor nec dictum accumsan, purus velit rhoncus justo, consequat hendrerit felis eros quis justo. Proin commodo malesuada libero. Aenean pharetra est eu maximus consequat. Etiam mattis et mi in pulvinar. Etiam rhoncus urna non est ultricies, vitae gravida est congue. Morbi lacinia nibh eget interdum vestibulum. Aliquam vitae metus sed enim pretium malesuada ac vel nibh. Duis tempus pharetra lectus. Nulla sit amet maximus felis.', 2, 1, 2, 3, 4, 5);

INSERT INTO Reviews 
(r_id, bookings_id, review_date, review, accuracy, communication, cleanliness, `location`, `check-in`, `value`)
VALUES
(30, 30, '2018-01-01', 'Vestibulum ex ante, blandit et lacus tincidunt, pulvinar mattis lorem. Ut condimentum sem risus, vel pulvinar turpis vulputate at. Nullam accumsan sit amet ex non semper. Vestibulum quis bibendum metus. Curabitur non nulla velit. Proin porttitor nibh id dolor convallis ullamcorper. Morbi accumsan nec odio at sagittis. Vestibulum ante ipsum primis in faucibus orci luctus et ultrices posuere cubilia Curae. Sed finibus tincidunt vehicula. In feugiat magna nec massa sollicitudin maximus eu in nisi.', 1, 2, 3, 4, 5, 4);

INSERT INTO Reviews 
(r_id, bookings_id, review_date, review, accuracy, communication, cleanliness, `location`, `check-in`, `value`)
VALUES
(31, 31, '2018-02-01', 'Nunc vitae cursus nulla, vitae mollis ligula. Praesent vitae erat non sapien iaculis blandit. Mauris porta bibendum magna et commodo. Pellentesque laoreet felis eu leo tempus rutrum. Integer ac molestie dolor. Nam interdum augue at consequat scelerisque. Maecenas sed libero et ante cursus condimentum et a libero. Nam gravida lacus enim, eget molestie lacus imperdiet quis. Nulla justo risus, egestas a ornare non, blandit vel eros. Nulla eget maximus eros. Aenean pharetra lorem et vehicula convallis. In consequat egestas commodo. Pellentesque vehicula aliquam nibh a pharetra. Proin dui velit, tempus ut feugiat at, faucibus quis elit.', 1, 2, 3, 4, 5, 4);

INSERT INTO Reviews 
(r_id, bookings_id, review_date, review, accuracy, communication, cleanliness, `location`, `check-in`, `value`)
VALUES
(32, 32, '2018-02-01', 'Phasellus vestibulum sodales massa ac vestibulum. Class aptent taciti sociosqu ad litora torquent per conubia nostra, per inceptos himenaeos. Proin at facilisis nulla. Mauris a aliquet ante, euismod gravida mauris. Nam hendrerit vitae eros vitae accumsan. Nullam in turpis libero. Praesent commodo quis urna at pharetra. Aliquam mauris nisi, vulputate ut mauris ut, sollicitudin molestie justo. Ut ac aliquam magna.', 5, 4, 3, 2, 1, 2);

INSERT INTO Reviews 
(r_id, bookings_id, review_date, review, accuracy, communication, cleanliness, `location`, `check-in`, `value`)
VALUES
(33, 33, '2018-02-01', 'Vestibulum id imperdiet lectus. Interdum et malesuada fames ac ante ipsum primis in faucibus. Aliquam sagittis augue ac venenatis faucibus. Curabitur in est egestas, euismod justo in, lobortis dolor. Etiam maximus ex nec consectetur molestie. Vestibulum dolor est, dignissim ac leo et, consectetur sagittis ligula. Nulla vehicula convallis hendrerit. In posuere porta commodo.', 3, 4, 5, 1, 2, 3);

INSERT INTO Reviews 
(r_id, bookings_id, review_date, review, accuracy, communication, cleanliness, `location`, `check-in`, `value`)
VALUES
(34, 34, '2018-02-01', 'Ut eu lorem risus. Curabitur mattis venenatis quam, eu ultrices mi venenatis a. Aliquam sollicitudin augue non est pulvinar, vel laoreet justo bibendum. Curabitur quis purus diam. Vivamus tempus orci at sagittis luctus. Nullam mauris ipsum, gravida pulvinar consequat vehicula, ornare id enim. Cras cursus mauris id erat varius, quis gravida ipsum mollis. Aenean ligula diam, ultrices id imperdiet vitae, malesuada sit amet tortor. Pellentesque habitant morbi tristique senectus et netus et malesuada fames ac turpis egestas. Quisque quis elit arcu. Sed semper tellus velit, sit amet tristique quam lobortis imperdiet. Phasellus id posuere turpis. Aliquam ut lacus eu nisi hendrerit vulputate.', 4, 5, 1, 2, 3, 4);

INSERT INTO Reviews 
(r_id, bookings_id, review_date, review, accuracy, communication, cleanliness, `location`, `check-in`, `value`)
VALUES
(35, 35, '2018-02-01', 'Donec consectetur eleifend lacus nec feugiat. Praesent vel orci ante. Aenean cursus, ante non commodo consectetur, lacus augue efficitur massa, at fringilla orci eros in elit. Proin ultrices tortor nunc, eget vehicula erat posuere eget. In interdum neque ac sem convallis hendrerit. Cras egestas sollicitudin mattis. Vivamus gravida purus sit amet consectetur tempor. Ut elit orci, iaculis a congue sed, suscipit at ex. Quisque at lacus eu tellus congue rutrum euismod eu leo. Morbi blandit sapien erat, a scelerisque lorem iaculis non. Nunc ultrices justo vel elit porttitor rutrum. Nulla suscipit ex sapien, ut bibendum erat imperdiet id. Quisque sit amet felis rutrum, iaculis ante convallis, semper tellus. Pellentesque habitant morbi tristique senectus et netus et malesuada fames ac turpis egestas. Sed condimentum maximus fermentum.', 5, 4, 3, 2, 1, 5);

INSERT INTO Reviews 
(r_id, bookings_id, review_date, review, accuracy, communication, cleanliness, `location`, `check-in`, `value`)
VALUES
(36, 36, '2018-02-01', 'In venenatis eget nisl eget commodo. Nunc tempus est non feugiat elementum. Vestibulum viverra, ipsum quis vulputate consequat, libero nunc porttitor libero, at molestie erat risus convallis ligula. Curabitur vitae posuere sapien, quis eleifend est. Nam placerat tortor ac massa tincidunt varius. Donec ut pretium risus, eu condimentum enim. Aliquam rhoncus ante magna, sit amet elementum mi feugiat a. Mauris suscipit urna quis ipsum auctor, non ullamcorper mi commodo. Maecenas in hendrerit est. Nulla rhoncus congue posuere. Lorem ipsum dolor sit amet, consectetur adipiscing elit.', 4, 3, 2, 1, 2, 3);

INSERT INTO Reviews 
(r_id, bookings_id, review_date, review, accuracy, communication, cleanliness, `location`, `check-in`, `value`)
VALUES
(37, 37, '2018-02-01', 'Nunc in sollicitudin tellus. Ut bibendum quam eget lectus ultricies molestie. Nulla sit amet imperdiet enim, vitae porta magna. Lorem ipsum dolor sit amet, consectetur adipiscing elit. Suspendisse elementum nisl a nisi lobortis vestibulum. Sed id justo dictum elit venenatis tempor. Mauris elementum massa enim, id pulvinar odio mattis sed. Nunc suscipit erat nec ex aliquet mollis. Vestibulum vel sodales mi, vitae sollicitudin magna. Quisque mollis, leo quis egestas semper, nisi elit interdum mauris, eu euismod est nulla at libero. Proin ut nisl at mauris mattis tristique.', 4, 5, 4, 3, 2, 1);

INSERT INTO Reviews 
(r_id, bookings_id, review_date, review, accuracy, communication, cleanliness, `location`, `check-in`, `value`)
VALUES
(38, 38, '2018-02-01', 'Curabitur consequat dolor quis orci imperdiet tristique. Nunc eu purus eu tellus facilisis vestibulum fermentum ut erat. Aenean varius auctor urna, in porttitor lectus tempor pulvinar. Vivamus felis mauris, maximus eget massa in, ullamcorper finibus quam. Aenean nibh dui, commodo sed metus et, laoreet placerat nunc. Maecenas iaculis justo lectus, tincidunt posuere ante tempor quis. Aenean ligula nulla, pharetra id est eleifend, cursus auctor eros. Quisque ut porta leo. Duis lacus odio, tempor at nisi at, pellentesque accumsan felis. Nulla luctus dui mattis urna egestas commodo. Fusce quis luctus tortor.', 2, 3, 4, 5, 4, 3);

INSERT INTO Reviews 
(r_id, bookings_id, review_date, review, accuracy, communication, cleanliness, `location`, `check-in`, `value`)
VALUES
(39, 39, '2018-02-01', 'Lorem ipsum dolor sit amet, consectetur adipiscing elit. Proin congue, dolor nec dictum accumsan, purus velit rhoncus justo, consequat hendrerit felis eros quis justo. Proin commodo malesuada libero. Aenean pharetra est eu maximus consequat. Etiam mattis et mi in pulvinar. Etiam rhoncus urna non est ultricies, vitae gravida est congue. Morbi lacinia nibh eget interdum vestibulum. Aliquam vitae metus sed enim pretium malesuada ac vel nibh. Duis tempus pharetra lectus. Nulla sit amet maximus felis.', 2, 1, 2, 3, 4, 5);

INSERT INTO Reviews 
(r_id, bookings_id, review_date, review, accuracy, communication, cleanliness, `location`, `check-in`, `value`)
VALUES
(40, 40, '2018-03-01', 'Vestibulum ex ante, blandit et lacus tincidunt, pulvinar mattis lorem. Ut condimentum sem risus, vel pulvinar turpis vulputate at. Nullam accumsan sit amet ex non semper. Vestibulum quis bibendum metus. Curabitur non nulla velit. Proin porttitor nibh id dolor convallis ullamcorper. Morbi accumsan nec odio at sagittis. Vestibulum ante ipsum primis in faucibus orci luctus et ultrices posuere cubilia Curae. Sed finibus tincidunt vehicula. In feugiat magna nec massa sollicitudin maximus eu in nisi.', 1, 2, 3, 4, 5, 4);

INSERT INTO Reviews 
(r_id, bookings_id, review_date, review, accuracy, communication, cleanliness, `location`, `check-in`, `value`)
VALUES
(41, 41, '2018-03-01', 'Nunc vitae cursus nulla, vitae mollis ligula. Praesent vitae erat non sapien iaculis blandit. Mauris porta bibendum magna et commodo. Pellentesque laoreet felis eu leo tempus rutrum. Integer ac molestie dolor. Nam interdum augue at consequat scelerisque. Maecenas sed libero et ante cursus condimentum et a libero. Nam gravida lacus enim, eget molestie lacus imperdiet quis. Nulla justo risus, egestas a ornare non, blandit vel eros. Nulla eget maximus eros. Aenean pharetra lorem et vehicula convallis. In consequat egestas commodo. Pellentesque vehicula aliquam nibh a pharetra. Proin dui velit, tempus ut feugiat at, faucibus quis elit.', 1, 2, 3, 4, 5, 4);

INSERT INTO Reviews 
(r_id, bookings_id, review_date, review, accuracy, communication, cleanliness, `location`, `check-in`, `value`)
VALUES
(42, 42, '2018-03-01', 'Phasellus vestibulum sodales massa ac vestibulum. Class aptent taciti sociosqu ad litora torquent per conubia nostra, per inceptos himenaeos. Proin at facilisis nulla. Mauris a aliquet ante, euismod gravida mauris. Nam hendrerit vitae eros vitae accumsan. Nullam in turpis libero. Praesent commodo quis urna at pharetra. Aliquam mauris nisi, vulputate ut mauris ut, sollicitudin molestie justo. Ut ac aliquam magna.', 5, 4, 3, 2, 1, 2);

INSERT INTO Reviews 
(r_id, bookings_id, review_date, review, accuracy, communication, cleanliness, `location`, `check-in`, `value`)
VALUES
(43, 43, '2018-03-01', 'Vestibulum id imperdiet lectus. Interdum et malesuada fames ac ante ipsum primis in faucibus. Aliquam sagittis augue ac venenatis faucibus. Curabitur in est egestas, euismod justo in, lobortis dolor. Etiam maximus ex nec consectetur molestie. Vestibulum dolor est, dignissim ac leo et, consectetur sagittis ligula. Nulla vehicula convallis hendrerit. In posuere porta commodo.', 3, 4, 5, 1, 2, 3);

INSERT INTO Reviews 
(r_id, bookings_id, review_date, review, accuracy, communication, cleanliness, `location`, `check-in`, `value`)
VALUES
(44, 44, '2018-03-01', 'Ut eu lorem risus. Curabitur mattis venenatis quam, eu ultrices mi venenatis a. Aliquam sollicitudin augue non est pulvinar, vel laoreet justo bibendum. Curabitur quis purus diam. Vivamus tempus orci at sagittis luctus. Nullam mauris ipsum, gravida pulvinar consequat vehicula, ornare id enim. Cras cursus mauris id erat varius, quis gravida ipsum mollis. Aenean ligula diam, ultrices id imperdiet vitae, malesuada sit amet tortor. Pellentesque habitant morbi tristique senectus et netus et malesuada fames ac turpis egestas. Quisque quis elit arcu. Sed semper tellus velit, sit amet tristique quam lobortis imperdiet. Phasellus id posuere turpis. Aliquam ut lacus eu nisi hendrerit vulputate.', 4, 5, 1, 2, 3, 4);

INSERT INTO Reviews 
(r_id, bookings_id, review_date, review, accuracy, communication, cleanliness, `location`, `check-in`, `value`)
VALUES
(45, 45, '2018-03-01', 'Donec consectetur eleifend lacus nec feugiat. Praesent vel orci ante. Aenean cursus, ante non commodo consectetur, lacus augue efficitur massa, at fringilla orci eros in elit. Proin ultrices tortor nunc, eget vehicula erat posuere eget. In interdum neque ac sem convallis hendrerit. Cras egestas sollicitudin mattis. Vivamus gravida purus sit amet consectetur tempor. Ut elit orci, iaculis a congue sed, suscipit at ex. Quisque at lacus eu tellus congue rutrum euismod eu leo. Morbi blandit sapien erat, a scelerisque lorem iaculis non. Nunc ultrices justo vel elit porttitor rutrum. Nulla suscipit ex sapien, ut bibendum erat imperdiet id. Quisque sit amet felis rutrum, iaculis ante convallis, semper tellus. Pellentesque habitant morbi tristique senectus et netus et malesuada fames ac turpis egestas. Sed condimentum maximus fermentum.', 5, 4, 3, 2, 1, 5);

INSERT INTO Reviews 
(r_id, bookings_id, review_date, review, accuracy, communication, cleanliness, `location`, `check-in`, `value`)
VALUES
(46, 46, '2018-03-01', 'In venenatis eget nisl eget commodo. Nunc tempus est non feugiat elementum. Vestibulum viverra, ipsum quis vulputate consequat, libero nunc porttitor libero, at molestie erat risus convallis ligula. Curabitur vitae posuere sapien, quis eleifend est. Nam placerat tortor ac massa tincidunt varius. Donec ut pretium risus, eu condimentum enim. Aliquam rhoncus ante magna, sit amet elementum mi feugiat a. Mauris suscipit urna quis ipsum auctor, non ullamcorper mi commodo. Maecenas in hendrerit est. Nulla rhoncus congue posuere. Lorem ipsum dolor sit amet, consectetur adipiscing elit.', 4, 3, 2, 1, 2, 3);

INSERT INTO Reviews 
(r_id, bookings_id, review_date, review, accuracy, communication, cleanliness, `location`, `check-in`, `value`)
VALUES
(47, 47, '2018-03-01', 'Nunc in sollicitudin tellus. Ut bibendum quam eget lectus ultricies molestie. Nulla sit amet imperdiet enim, vitae porta magna. Lorem ipsum dolor sit amet, consectetur adipiscing elit. Suspendisse elementum nisl a nisi lobortis vestibulum. Sed id justo dictum elit venenatis tempor. Mauris elementum massa enim, id pulvinar odio mattis sed. Nunc suscipit erat nec ex aliquet mollis. Vestibulum vel sodales mi, vitae sollicitudin magna. Quisque mollis, leo quis egestas semper, nisi elit interdum mauris, eu euismod est nulla at libero. Proin ut nisl at mauris mattis tristique.', 4, 5, 4, 3, 2, 1);

INSERT INTO Reviews 
(r_id, bookings_id, review_date, review, accuracy, communication, cleanliness, `location`, `check-in`, `value`)
VALUES
(48, 48, '2018-03-01', 'Curabitur consequat dolor quis orci imperdiet tristique. Nunc eu purus eu tellus facilisis vestibulum fermentum ut erat. Aenean varius auctor urna, in porttitor lectus tempor pulvinar. Vivamus felis mauris, maximus eget massa in, ullamcorper finibus quam. Aenean nibh dui, commodo sed metus et, laoreet placerat nunc. Maecenas iaculis justo lectus, tincidunt posuere ante tempor quis. Aenean ligula nulla, pharetra id est eleifend, cursus auctor eros. Quisque ut porta leo. Duis lacus odio, tempor at nisi at, pellentesque accumsan felis. Nulla luctus dui mattis urna egestas commodo. Fusce quis luctus tortor.', 2, 3, 4, 5, 4, 3);

INSERT INTO Reviews 
(r_id, bookings_id, review_date, review, accuracy, communication, cleanliness, `location`, `check-in`, `value`)
VALUES
(49, 49, '2018-03-01', 'Lorem ipsum dolor sit amet, consectetur adipiscing elit. Proin congue, dolor nec dictum accumsan, purus velit rhoncus justo, consequat hendrerit felis eros quis justo. Proin commodo malesuada libero. Aenean pharetra est eu maximus consequat. Etiam mattis et mi in pulvinar. Etiam rhoncus urna non est ultricies, vitae gravida est congue. Morbi lacinia nibh eget interdum vestibulum. Aliquam vitae metus sed enim pretium malesuada ac vel nibh. Duis tempus pharetra lectus. Nulla sit amet maximus felis.', 2, 1, 2, 3, 4, 5);

INSERT INTO Reviews 
(r_id, bookings_id, review_date, review, accuracy, communication, cleanliness, `location`, `check-in`, `value`)
VALUES
(50, 50, '2018-04-01', 'Vestibulum ex ante, blandit et lacus tincidunt, pulvinar mattis lorem. Ut condimentum sem risus, vel pulvinar turpis vulputate at. Nullam accumsan sit amet ex non semper. Vestibulum quis bibendum metus. Curabitur non nulla velit. Proin porttitor nibh id dolor convallis ullamcorper. Morbi accumsan nec odio at sagittis. Vestibulum ante ipsum primis in faucibus orci luctus et ultrices posuere cubilia Curae. Sed finibus tincidunt vehicula. In feugiat magna nec massa sollicitudin maximus eu in nisi.', 1, 2, 3, 4, 5, 4);

INSERT INTO Reviews 
(r_id, bookings_id, review_date, review, accuracy, communication, cleanliness, `location`, `check-in`, `value`)
VALUES
(51, 51, '2018-04-01', 'Nunc vitae cursus nulla, vitae mollis ligula. Praesent vitae erat non sapien iaculis blandit. Mauris porta bibendum magna et commodo. Pellentesque laoreet felis eu leo tempus rutrum. Integer ac molestie dolor. Nam interdum augue at consequat scelerisque. Maecenas sed libero et ante cursus condimentum et a libero. Nam gravida lacus enim, eget molestie lacus imperdiet quis. Nulla justo risus, egestas a ornare non, blandit vel eros. Nulla eget maximus eros. Aenean pharetra lorem et vehicula convallis. In consequat egestas commodo. Pellentesque vehicula aliquam nibh a pharetra. Proin dui velit, tempus ut feugiat at, faucibus quis elit.', 1, 2, 3, 4, 5, 4);

INSERT INTO Reviews 
(r_id, bookings_id, review_date, review, accuracy, communication, cleanliness, `location`, `check-in`, `value`)
VALUES
(52, 52, '2018-04-01', 'Phasellus vestibulum sodales massa ac vestibulum. Class aptent taciti sociosqu ad litora torquent per conubia nostra, per inceptos himenaeos. Proin at facilisis nulla. Mauris a aliquet ante, euismod gravida mauris. Nam hendrerit vitae eros vitae accumsan. Nullam in turpis libero. Praesent commodo quis urna at pharetra. Aliquam mauris nisi, vulputate ut mauris ut, sollicitudin molestie justo. Ut ac aliquam magna.', 5, 4, 3, 2, 1, 2);

INSERT INTO Reviews 
(r_id, bookings_id, review_date, review, accuracy, communication, cleanliness, `location`, `check-in`, `value`)
VALUES
(53, 53, '2018-04-01', 'Vestibulum id imperdiet lectus. Interdum et malesuada fames ac ante ipsum primis in faucibus. Aliquam sagittis augue ac venenatis faucibus. Curabitur in est egestas, euismod justo in, lobortis dolor. Etiam maximus ex nec consectetur molestie. Vestibulum dolor est, dignissim ac leo et, consectetur sagittis ligula. Nulla vehicula convallis hendrerit. In posuere porta commodo.', 3, 4, 5, 1, 2, 3);

INSERT INTO Reviews 
(r_id, bookings_id, review_date, review, accuracy, communication, cleanliness, `location`, `check-in`, `value`)
VALUES
(54, 54, '2018-04-01', 'Ut eu lorem risus. Curabitur mattis venenatis quam, eu ultrices mi venenatis a. Aliquam sollicitudin augue non est pulvinar, vel laoreet justo bibendum. Curabitur quis purus diam. Vivamus tempus orci at sagittis luctus. Nullam mauris ipsum, gravida pulvinar consequat vehicula, ornare id enim. Cras cursus mauris id erat varius, quis gravida ipsum mollis. Aenean ligula diam, ultrices id imperdiet vitae, malesuada sit amet tortor. Pellentesque habitant morbi tristique senectus et netus et malesuada fames ac turpis egestas. Quisque quis elit arcu. Sed semper tellus velit, sit amet tristique quam lobortis imperdiet. Phasellus id posuere turpis. Aliquam ut lacus eu nisi hendrerit vulputate.', 4, 5, 1, 2, 3, 4);

INSERT INTO Reviews 
(r_id, bookings_id, review_date, review, accuracy, communication, cleanliness, `location`, `check-in`, `value`)
VALUES
(55, 55, '2018-04-01', 'Donec consectetur eleifend lacus nec feugiat. Praesent vel orci ante. Aenean cursus, ante non commodo consectetur, lacus augue efficitur massa, at fringilla orci eros in elit. Proin ultrices tortor nunc, eget vehicula erat posuere eget. In interdum neque ac sem convallis hendrerit. Cras egestas sollicitudin mattis. Vivamus gravida purus sit amet consectetur tempor. Ut elit orci, iaculis a congue sed, suscipit at ex. Quisque at lacus eu tellus congue rutrum euismod eu leo. Morbi blandit sapien erat, a scelerisque lorem iaculis non. Nunc ultrices justo vel elit porttitor rutrum. Nulla suscipit ex sapien, ut bibendum erat imperdiet id. Quisque sit amet felis rutrum, iaculis ante convallis, semper tellus. Pellentesque habitant morbi tristique senectus et netus et malesuada fames ac turpis egestas. Sed condimentum maximus fermentum.', 5, 4, 3, 2, 1, 5);

INSERT INTO Reviews 
(r_id, bookings_id, review_date, review, accuracy, communication, cleanliness, `location`, `check-in`, `value`)
VALUES
(56, 56, '2018-04-01', 'In venenatis eget nisl eget commodo. Nunc tempus est non feugiat elementum. Vestibulum viverra, ipsum quis vulputate consequat, libero nunc porttitor libero, at molestie erat risus convallis ligula. Curabitur vitae posuere sapien, quis eleifend est. Nam placerat tortor ac massa tincidunt varius. Donec ut pretium risus, eu condimentum enim. Aliquam rhoncus ante magna, sit amet elementum mi feugiat a. Mauris suscipit urna quis ipsum auctor, non ullamcorper mi commodo. Maecenas in hendrerit est. Nulla rhoncus congue posuere. Lorem ipsum dolor sit amet, consectetur adipiscing elit.', 4, 3, 2, 1, 2, 3);

INSERT INTO Reviews 
(r_id, bookings_id, review_date, review, accuracy, communication, cleanliness, `location`, `check-in`, `value`)
VALUES
(57, 57, '2018-04-01', 'Nunc in sollicitudin tellus. Ut bibendum quam eget lectus ultricies molestie. Nulla sit amet imperdiet enim, vitae porta magna. Lorem ipsum dolor sit amet, consectetur adipiscing elit. Suspendisse elementum nisl a nisi lobortis vestibulum. Sed id justo dictum elit venenatis tempor. Mauris elementum massa enim, id pulvinar odio mattis sed. Nunc suscipit erat nec ex aliquet mollis. Vestibulum vel sodales mi, vitae sollicitudin magna. Quisque mollis, leo quis egestas semper, nisi elit interdum mauris, eu euismod est nulla at libero. Proin ut nisl at mauris mattis tristique.', 4, 5, 4, 3, 2, 1);

INSERT INTO Reviews 
(r_id, bookings_id, review_date, review, accuracy, communication, cleanliness, `location`, `check-in`, `value`)
VALUES
(58, 58, '2018-04-01', 'Curabitur consequat dolor quis orci imperdiet tristique. Nunc eu purus eu tellus facilisis vestibulum fermentum ut erat. Aenean varius auctor urna, in porttitor lectus tempor pulvinar. Vivamus felis mauris, maximus eget massa in, ullamcorper finibus quam. Aenean nibh dui, commodo sed metus et, laoreet placerat nunc. Maecenas iaculis justo lectus, tincidunt posuere ante tempor quis. Aenean ligula nulla, pharetra id est eleifend, cursus auctor eros. Quisque ut porta leo. Duis lacus odio, tempor at nisi at, pellentesque accumsan felis. Nulla luctus dui mattis urna egestas commodo. Fusce quis luctus tortor.', 2, 3, 4, 5, 4, 3);

INSERT INTO Reviews 
(r_id, bookings_id, review_date, review, accuracy, communication, cleanliness, `location`, `check-in`, `value`)
VALUES
(59, 59, '2018-04-01', 'Lorem ipsum dolor sit amet, consectetur adipiscing elit. Proin congue, dolor nec dictum accumsan, purus velit rhoncus justo, consequat hendrerit felis eros quis justo. Proin commodo malesuada libero. Aenean pharetra est eu maximus consequat. Etiam mattis et mi in pulvinar. Etiam rhoncus urna non est ultricies, vitae gravida est congue. Morbi lacinia nibh eget interdum vestibulum. Aliquam vitae metus sed enim pretium malesuada ac vel nibh. Duis tempus pharetra lectus. Nulla sit amet maximus felis.', 2, 1, 2, 3, 4, 5);

INSERT INTO Reviews 
(r_id, bookings_id, review_date, review, accuracy, communication, cleanliness, `location`, `check-in`, `value`)
VALUES
(60, 60, '2018-04-01', 'Vestibulum ex ante, blandit et lacus tincidunt, pulvinar mattis lorem. Ut condimentum sem risus, vel pulvinar turpis vulputate at. Nullam accumsan sit amet ex non semper. Vestibulum quis bibendum metus. Curabitur non nulla velit. Proin porttitor nibh id dolor convallis ullamcorper. Morbi accumsan nec odio at sagittis. Vestibulum ante ipsum primis in faucibus orci luctus et ultrices posuere cubilia Curae. Sed finibus tincidunt vehicula. In feugiat magna nec massa sollicitudin maximus eu in nisi.', 1, 2, 3, 4, 5, 4);

INSERT INTO Reviews 
(r_id, bookings_id, review_date, review, accuracy, communication, cleanliness, `location`, `check-in`, `value`)
VALUES
(61, 61, '2018-05-01', 'Nunc vitae cursus nulla, vitae mollis ligula. Praesent vitae erat non sapien iaculis blandit. Mauris porta bibendum magna et commodo. Pellentesque laoreet felis eu leo tempus rutrum. Integer ac molestie dolor. Nam interdum augue at consequat scelerisque. Maecenas sed libero et ante cursus condimentum et a libero. Nam gravida lacus enim, eget molestie lacus imperdiet quis. Nulla justo risus, egestas a ornare non, blandit vel eros. Nulla eget maximus eros. Aenean pharetra lorem et vehicula convallis. In consequat egestas commodo. Pellentesque vehicula aliquam nibh a pharetra. Proin dui velit, tempus ut feugiat at, faucibus quis elit.', 1, 2, 3, 4, 5, 4);

INSERT INTO Reviews 
(r_id, bookings_id, review_date, review, accuracy, communication, cleanliness, `location`, `check-in`, `value`)
VALUES
(62, 62, '2018-05-01', 'Phasellus vestibulum sodales massa ac vestibulum. Class aptent taciti sociosqu ad litora torquent per conubia nostra, per inceptos himenaeos. Proin at facilisis nulla. Mauris a aliquet ante, euismod gravida mauris. Nam hendrerit vitae eros vitae accumsan. Nullam in turpis libero. Praesent commodo quis urna at pharetra. Aliquam mauris nisi, vulputate ut mauris ut, sollicitudin molestie justo. Ut ac aliquam magna.', 5, 4, 3, 2, 1, 2);

INSERT INTO Reviews 
(r_id, bookings_id, review_date, review, accuracy, communication, cleanliness, `location`, `check-in`, `value`)
VALUES
(63, 63, '2018-05-01', 'Vestibulum id imperdiet lectus. Interdum et malesuada fames ac ante ipsum primis in faucibus. Aliquam sagittis augue ac venenatis faucibus. Curabitur in est egestas, euismod justo in, lobortis dolor. Etiam maximus ex nec consectetur molestie. Vestibulum dolor est, dignissim ac leo et, consectetur sagittis ligula. Nulla vehicula convallis hendrerit. In posuere porta commodo.', 3, 4, 5, 1, 2, 3);

INSERT INTO Reviews 
(r_id, bookings_id, review_date, review, accuracy, communication, cleanliness, `location`, `check-in`, `value`)
VALUES
(64, 64, '2018-05-01', 'Ut eu lorem risus. Curabitur mattis venenatis quam, eu ultrices mi venenatis a. Aliquam sollicitudin augue non est pulvinar, vel laoreet justo bibendum. Curabitur quis purus diam. Vivamus tempus orci at sagittis luctus. Nullam mauris ipsum, gravida pulvinar consequat vehicula, ornare id enim. Cras cursus mauris id erat varius, quis gravida ipsum mollis. Aenean ligula diam, ultrices id imperdiet vitae, malesuada sit amet tortor. Pellentesque habitant morbi tristique senectus et netus et malesuada fames ac turpis egestas. Quisque quis elit arcu. Sed semper tellus velit, sit amet tristique quam lobortis imperdiet. Phasellus id posuere turpis. Aliquam ut lacus eu nisi hendrerit vulputate.', 4, 5, 1, 2, 3, 4);

INSERT INTO Reviews 
(r_id, bookings_id, review_date, review, accuracy, communication, cleanliness, `location`, `check-in`, `value`)
VALUES
(65, 65, '2018-05-01', 'Donec consectetur eleifend lacus nec feugiat. Praesent vel orci ante. Aenean cursus, ante non commodo consectetur, lacus augue efficitur massa, at fringilla orci eros in elit. Proin ultrices tortor nunc, eget vehicula erat posuere eget. In interdum neque ac sem convallis hendrerit. Cras egestas sollicitudin mattis. Vivamus gravida purus sit amet consectetur tempor. Ut elit orci, iaculis a congue sed, suscipit at ex. Quisque at lacus eu tellus congue rutrum euismod eu leo. Morbi blandit sapien erat, a scelerisque lorem iaculis non. Nunc ultrices justo vel elit porttitor rutrum. Nulla suscipit ex sapien, ut bibendum erat imperdiet id. Quisque sit amet felis rutrum, iaculis ante convallis, semper tellus. Pellentesque habitant morbi tristique senectus et netus et malesuada fames ac turpis egestas. Sed condimentum maximus fermentum.', 5, 4, 3, 2, 1, 5);

INSERT INTO Reviews 
(r_id, bookings_id, review_date, review, accuracy, communication, cleanliness, `location`, `check-in`, `value`)
VALUES
(66, 66, '2018-05-01', 'In venenatis eget nisl eget commodo. Nunc tempus est non feugiat elementum. Vestibulum viverra, ipsum quis vulputate consequat, libero nunc porttitor libero, at molestie erat risus convallis ligula. Curabitur vitae posuere sapien, quis eleifend est. Nam placerat tortor ac massa tincidunt varius. Donec ut pretium risus, eu condimentum enim. Aliquam rhoncus ante magna, sit amet elementum mi feugiat a. Mauris suscipit urna quis ipsum auctor, non ullamcorper mi commodo. Maecenas in hendrerit est. Nulla rhoncus congue posuere. Lorem ipsum dolor sit amet, consectetur adipiscing elit.', 4, 3, 2, 1, 2, 3);

INSERT INTO Reviews 
(r_id, bookings_id, review_date, review, accuracy, communication, cleanliness, `location`, `check-in`, `value`)
VALUES
(67, 67, '2018-05-01', 'Nunc in sollicitudin tellus. Ut bibendum quam eget lectus ultricies molestie. Nulla sit amet imperdiet enim, vitae porta magna. Lorem ipsum dolor sit amet, consectetur adipiscing elit. Suspendisse elementum nisl a nisi lobortis vestibulum. Sed id justo dictum elit venenatis tempor. Mauris elementum massa enim, id pulvinar odio mattis sed. Nunc suscipit erat nec ex aliquet mollis. Vestibulum vel sodales mi, vitae sollicitudin magna. Quisque mollis, leo quis egestas semper, nisi elit interdum mauris, eu euismod est nulla at libero. Proin ut nisl at mauris mattis tristique.', 4, 5, 4, 3, 2, 1);

INSERT INTO Reviews 
(r_id, bookings_id, review_date, review, accuracy, communication, cleanliness, `location`, `check-in`, `value`)
VALUES
(68, 68, '2018-05-01', 'Curabitur consequat dolor quis orci imperdiet tristique. Nunc eu purus eu tellus facilisis vestibulum fermentum ut erat. Aenean varius auctor urna, in porttitor lectus tempor pulvinar. Vivamus felis mauris, maximus eget massa in, ullamcorper finibus quam. Aenean nibh dui, commodo sed metus et, laoreet placerat nunc. Maecenas iaculis justo lectus, tincidunt posuere ante tempor quis. Aenean ligula nulla, pharetra id est eleifend, cursus auctor eros. Quisque ut porta leo. Duis lacus odio, tempor at nisi at, pellentesque accumsan felis. Nulla luctus dui mattis urna egestas commodo. Fusce quis luctus tortor.', 2, 3, 4, 5, 4, 3);

INSERT INTO Reviews 
(r_id, bookings_id, review_date, review, accuracy, communication, cleanliness, `location`, `check-in`, `value`)
VALUES
(69, 69, '2018-05-01', 'Lorem ipsum dolor sit amet, consectetur adipiscing elit. Proin congue, dolor nec dictum accumsan, purus velit rhoncus justo, consequat hendrerit felis eros quis justo. Proin commodo malesuada libero. Aenean pharetra est eu maximus consequat. Etiam mattis et mi in pulvinar. Etiam rhoncus urna non est ultricies, vitae gravida est congue. Morbi lacinia nibh eget interdum vestibulum. Aliquam vitae metus sed enim pretium malesuada ac vel nibh. Duis tempus pharetra lectus. Nulla sit amet maximus felis.', 2, 1, 2, 3, 4, 5);

INSERT INTO Reviews 
(r_id, bookings_id, review_date, review, accuracy, communication, cleanliness, `location`, `check-in`, `value`)
VALUES
(70, 70, '2018-06-01', 'Vestibulum ex ante, blandit et lacus tincidunt, pulvinar mattis lorem. Ut condimentum sem risus, vel pulvinar turpis vulputate at. Nullam accumsan sit amet ex non semper. Vestibulum quis bibendum metus. Curabitur non nulla velit. Proin porttitor nibh id dolor convallis ullamcorper. Morbi accumsan nec odio at sagittis. Vestibulum ante ipsum primis in faucibus orci luctus et ultrices posuere cubilia Curae. Sed finibus tincidunt vehicula. In feugiat magna nec massa sollicitudin maximus eu in nisi.', 1, 2, 3, 4, 5, 4);

INSERT INTO Reviews 
(r_id, bookings_id, review_date, review, accuracy, communication, cleanliness, `location`, `check-in`, `value`)
VALUES
(71, 71, '2018-06-01', 'Nunc vitae cursus nulla, vitae mollis ligula. Praesent vitae erat non sapien iaculis blandit. Mauris porta bibendum magna et commodo. Pellentesque laoreet felis eu leo tempus rutrum. Integer ac molestie dolor. Nam interdum augue at consequat scelerisque. Maecenas sed libero et ante cursus condimentum et a libero. Nam gravida lacus enim, eget molestie lacus imperdiet quis. Nulla justo risus, egestas a ornare non, blandit vel eros. Nulla eget maximus eros. Aenean pharetra lorem et vehicula convallis. In consequat egestas commodo. Pellentesque vehicula aliquam nibh a pharetra. Proin dui velit, tempus ut feugiat at, faucibus quis elit.', 1, 2, 3, 4, 5, 4);

INSERT INTO Reviews 
(r_id, bookings_id, review_date, review, accuracy, communication, cleanliness, `location`, `check-in`, `value`)
VALUES
(72, 72, '2018-06-01', 'Phasellus vestibulum sodales massa ac vestibulum. Class aptent taciti sociosqu ad litora torquent per conubia nostra, per inceptos himenaeos. Proin at facilisis nulla. Mauris a aliquet ante, euismod gravida mauris. Nam hendrerit vitae eros vitae accumsan. Nullam in turpis libero. Praesent commodo quis urna at pharetra. Aliquam mauris nisi, vulputate ut mauris ut, sollicitudin molestie justo. Ut ac aliquam magna.', 5, 4, 3, 2, 1, 2);

INSERT INTO Reviews 
(r_id, bookings_id, review_date, review, accuracy, communication, cleanliness, `location`, `check-in`, `value`)
VALUES
(73, 73, '2018-06-01', 'Vestibulum id imperdiet lectus. Interdum et malesuada fames ac ante ipsum primis in faucibus. Aliquam sagittis augue ac venenatis faucibus. Curabitur in est egestas, euismod justo in, lobortis dolor. Etiam maximus ex nec consectetur molestie. Vestibulum dolor est, dignissim ac leo et, consectetur sagittis ligula. Nulla vehicula convallis hendrerit. In posuere porta commodo.', 3, 4, 5, 1, 2, 3);

INSERT INTO Reviews 
(r_id, bookings_id, review_date, review, accuracy, communication, cleanliness, `location`, `check-in`, `value`)
VALUES
(74, 74, '2018-06-01', 'Ut eu lorem risus. Curabitur mattis venenatis quam, eu ultrices mi venenatis a. Aliquam sollicitudin augue non est pulvinar, vel laoreet justo bibendum. Curabitur quis purus diam. Vivamus tempus orci at sagittis luctus. Nullam mauris ipsum, gravida pulvinar consequat vehicula, ornare id enim. Cras cursus mauris id erat varius, quis gravida ipsum mollis. Aenean ligula diam, ultrices id imperdiet vitae, malesuada sit amet tortor. Pellentesque habitant morbi tristique senectus et netus et malesuada fames ac turpis egestas. Quisque quis elit arcu. Sed semper tellus velit, sit amet tristique quam lobortis imperdiet. Phasellus id posuere turpis. Aliquam ut lacus eu nisi hendrerit vulputate.', 4, 5, 1, 2, 3, 4);

INSERT INTO Reviews 
(r_id, bookings_id, review_date, review, accuracy, communication, cleanliness, `location`, `check-in`, `value`)
VALUES
(75, 75, '2018-06-01', 'Donec consectetur eleifend lacus nec feugiat. Praesent vel orci ante. Aenean cursus, ante non commodo consectetur, lacus augue efficitur massa, at fringilla orci eros in elit. Proin ultrices tortor nunc, eget vehicula erat posuere eget. In interdum neque ac sem convallis hendrerit. Cras egestas sollicitudin mattis. Vivamus gravida purus sit amet consectetur tempor. Ut elit orci, iaculis a congue sed, suscipit at ex. Quisque at lacus eu tellus congue rutrum euismod eu leo. Morbi blandit sapien erat, a scelerisque lorem iaculis non. Nunc ultrices justo vel elit porttitor rutrum. Nulla suscipit ex sapien, ut bibendum erat imperdiet id. Quisque sit amet felis rutrum, iaculis ante convallis, semper tellus. Pellentesque habitant morbi tristique senectus et netus et malesuada fames ac turpis egestas. Sed condimentum maximus fermentum.', 5, 4, 3, 2, 1, 5);

INSERT INTO Reviews 
(r_id, bookings_id, review_date, review, accuracy, communication, cleanliness, `location`, `check-in`, `value`)
VALUES
(76, 76, '2018-06-01', 'In venenatis eget nisl eget commodo. Nunc tempus est non feugiat elementum. Vestibulum viverra, ipsum quis vulputate consequat, libero nunc porttitor libero, at molestie erat risus convallis ligula. Curabitur vitae posuere sapien, quis eleifend est. Nam placerat tortor ac massa tincidunt varius. Donec ut pretium risus, eu condimentum enim. Aliquam rhoncus ante magna, sit amet elementum mi feugiat a. Mauris suscipit urna quis ipsum auctor, non ullamcorper mi commodo. Maecenas in hendrerit est. Nulla rhoncus congue posuere. Lorem ipsum dolor sit amet, consectetur adipiscing elit.', 4, 3, 2, 1, 2, 3);

INSERT INTO Reviews 
(r_id, bookings_id, review_date, review, accuracy, communication, cleanliness, `location`, `check-in`, `value`)
VALUES
(77, 77, '2018-06-01', 'Nunc in sollicitudin tellus. Ut bibendum quam eget lectus ultricies molestie. Nulla sit amet imperdiet enim, vitae porta magna. Lorem ipsum dolor sit amet, consectetur adipiscing elit. Suspendisse elementum nisl a nisi lobortis vestibulum. Sed id justo dictum elit venenatis tempor. Mauris elementum massa enim, id pulvinar odio mattis sed. Nunc suscipit erat nec ex aliquet mollis. Vestibulum vel sodales mi, vitae sollicitudin magna. Quisque mollis, leo quis egestas semper, nisi elit interdum mauris, eu euismod est nulla at libero. Proin ut nisl at mauris mattis tristique.', 4, 5, 4, 3, 2, 1);

INSERT INTO Reviews 
(r_id, bookings_id, review_date, review, accuracy, communication, cleanliness, `location`, `check-in`, `value`)
VALUES
(78, 78, '2018-06-01', 'Curabitur consequat dolor quis orci imperdiet tristique. Nunc eu purus eu tellus facilisis vestibulum fermentum ut erat. Aenean varius auctor urna, in porttitor lectus tempor pulvinar. Vivamus felis mauris, maximus eget massa in, ullamcorper finibus quam. Aenean nibh dui, commodo sed metus et, laoreet placerat nunc. Maecenas iaculis justo lectus, tincidunt posuere ante tempor quis. Aenean ligula nulla, pharetra id est eleifend, cursus auctor eros. Quisque ut porta leo. Duis lacus odio, tempor at nisi at, pellentesque accumsan felis. Nulla luctus dui mattis urna egestas commodo. Fusce quis luctus tortor.', 2, 3, 4, 5, 4, 3);

INSERT INTO Reviews 
(r_id, bookings_id, review_date, review, accuracy, communication, cleanliness, `location`, `check-in`, `value`)
VALUES
(79, 79, '2018-06-01', 'Lorem ipsum dolor sit amet, consectetur adipiscing elit. Proin congue, dolor nec dictum accumsan, purus velit rhoncus justo, consequat hendrerit felis eros quis justo. Proin commodo malesuada libero. Aenean pharetra est eu maximus consequat. Etiam mattis et mi in pulvinar. Etiam rhoncus urna non est ultricies, vitae gravida est congue. Morbi lacinia nibh eget interdum vestibulum. Aliquam vitae metus sed enim pretium malesuada ac vel nibh. Duis tempus pharetra lectus. Nulla sit amet maximus felis.', 2, 1, 2, 3, 4, 5);

INSERT INTO Reviews 
(r_id, bookings_id, review_date, review, accuracy, communication, cleanliness, `location`, `check-in`, `value`)
VALUES
(80, 80, '2018-07-01', 'Vestibulum ex ante, blandit et lacus tincidunt, pulvinar mattis lorem. Ut condimentum sem risus, vel pulvinar turpis vulputate at. Nullam accumsan sit amet ex non semper. Vestibulum quis bibendum metus. Curabitur non nulla velit. Proin porttitor nibh id dolor convallis ullamcorper. Morbi accumsan nec odio at sagittis. Vestibulum ante ipsum primis in faucibus orci luctus et ultrices posuere cubilia Curae. Sed finibus tincidunt vehicula. In feugiat magna nec massa sollicitudin maximus eu in nisi.', 1, 2, 3, 4, 5, 4);

INSERT INTO Reviews 
(r_id, bookings_id, review_date, review, accuracy, communication, cleanliness, `location`, `check-in`, `value`)
VALUES
(81, 81, '2018-07-01', 'Nunc vitae cursus nulla, vitae mollis ligula. Praesent vitae erat non sapien iaculis blandit. Mauris porta bibendum magna et commodo. Pellentesque laoreet felis eu leo tempus rutrum. Integer ac molestie dolor. Nam interdum augue at consequat scelerisque. Maecenas sed libero et ante cursus condimentum et a libero. Nam gravida lacus enim, eget molestie lacus imperdiet quis. Nulla justo risus, egestas a ornare non, blandit vel eros. Nulla eget maximus eros. Aenean pharetra lorem et vehicula convallis. In consequat egestas commodo. Pellentesque vehicula aliquam nibh a pharetra. Proin dui velit, tempus ut feugiat at, faucibus quis elit.', 1, 2, 3, 4, 5, 4);

INSERT INTO Reviews 
(r_id, bookings_id, review_date, review, accuracy, communication, cleanliness, `location`, `check-in`, `value`)
VALUES
(82, 82, '2018-07-01', 'Phasellus vestibulum sodales massa ac vestibulum. Class aptent taciti sociosqu ad litora torquent per conubia nostra, per inceptos himenaeos. Proin at facilisis nulla. Mauris a aliquet ante, euismod gravida mauris. Nam hendrerit vitae eros vitae accumsan. Nullam in turpis libero. Praesent commodo quis urna at pharetra. Aliquam mauris nisi, vulputate ut mauris ut, sollicitudin molestie justo. Ut ac aliquam magna.', 5, 4, 3, 2, 1, 2);

INSERT INTO Reviews 
(r_id, bookings_id, review_date, review, accuracy, communication, cleanliness, `location`, `check-in`, `value`)
VALUES
(83, 83, '2018-07-01', 'Vestibulum id imperdiet lectus. Interdum et malesuada fames ac ante ipsum primis in faucibus. Aliquam sagittis augue ac venenatis faucibus. Curabitur in est egestas, euismod justo in, lobortis dolor. Etiam maximus ex nec consectetur molestie. Vestibulum dolor est, dignissim ac leo et, consectetur sagittis ligula. Nulla vehicula convallis hendrerit. In posuere porta commodo.', 3, 4, 5, 1, 2, 3);

INSERT INTO Reviews 
(r_id, bookings_id, review_date, review, accuracy, communication, cleanliness, `location`, `check-in`, `value`)
VALUES
(84, 84, '2018-07-01', 'Ut eu lorem risus. Curabitur mattis venenatis quam, eu ultrices mi venenatis a. Aliquam sollicitudin augue non est pulvinar, vel laoreet justo bibendum. Curabitur quis purus diam. Vivamus tempus orci at sagittis luctus. Nullam mauris ipsum, gravida pulvinar consequat vehicula, ornare id enim. Cras cursus mauris id erat varius, quis gravida ipsum mollis. Aenean ligula diam, ultrices id imperdiet vitae, malesuada sit amet tortor. Pellentesque habitant morbi tristique senectus et netus et malesuada fames ac turpis egestas. Quisque quis elit arcu. Sed semper tellus velit, sit amet tristique quam lobortis imperdiet. Phasellus id posuere turpis. Aliquam ut lacus eu nisi hendrerit vulputate.', 4, 5, 1, 2, 3, 4);

INSERT INTO Reviews 
(r_id, bookings_id, review_date, review, accuracy, communication, cleanliness, `location`, `check-in`, `value`)
VALUES
(85, 85, '2018-07-01', 'Donec consectetur eleifend lacus nec feugiat. Praesent vel orci ante. Aenean cursus, ante non commodo consectetur, lacus augue efficitur massa, at fringilla orci eros in elit. Proin ultrices tortor nunc, eget vehicula erat posuere eget. In interdum neque ac sem convallis hendrerit. Cras egestas sollicitudin mattis. Vivamus gravida purus sit amet consectetur tempor. Ut elit orci, iaculis a congue sed, suscipit at ex. Quisque at lacus eu tellus congue rutrum euismod eu leo. Morbi blandit sapien erat, a scelerisque lorem iaculis non. Nunc ultrices justo vel elit porttitor rutrum. Nulla suscipit ex sapien, ut bibendum erat imperdiet id. Quisque sit amet felis rutrum, iaculis ante convallis, semper tellus. Pellentesque habitant morbi tristique senectus et netus et malesuada fames ac turpis egestas. Sed condimentum maximus fermentum.', 5, 4, 3, 2, 1, 5);

INSERT INTO Reviews 
(r_id, bookings_id, review_date, review, accuracy, communication, cleanliness, `location`, `check-in`, `value`)
VALUES
(86, 86, '2018-07-01', 'In venenatis eget nisl eget commodo. Nunc tempus est non feugiat elementum. Vestibulum viverra, ipsum quis vulputate consequat, libero nunc porttitor libero, at molestie erat risus convallis ligula. Curabitur vitae posuere sapien, quis eleifend est. Nam placerat tortor ac massa tincidunt varius. Donec ut pretium risus, eu condimentum enim. Aliquam rhoncus ante magna, sit amet elementum mi feugiat a. Mauris suscipit urna quis ipsum auctor, non ullamcorper mi commodo. Maecenas in hendrerit est. Nulla rhoncus congue posuere. Lorem ipsum dolor sit amet, consectetur adipiscing elit.', 4, 3, 2, 1, 2, 3);

INSERT INTO Reviews 
(r_id, bookings_id, review_date, review, accuracy, communication, cleanliness, `location`, `check-in`, `value`)
VALUES
(87, 87, '2018-07-01', 'Nunc in sollicitudin tellus. Ut bibendum quam eget lectus ultricies molestie. Nulla sit amet imperdiet enim, vitae porta magna. Lorem ipsum dolor sit amet, consectetur adipiscing elit. Suspendisse elementum nisl a nisi lobortis vestibulum. Sed id justo dictum elit venenatis tempor. Mauris elementum massa enim, id pulvinar odio mattis sed. Nunc suscipit erat nec ex aliquet mollis. Vestibulum vel sodales mi, vitae sollicitudin magna. Quisque mollis, leo quis egestas semper, nisi elit interdum mauris, eu euismod est nulla at libero. Proin ut nisl at mauris mattis tristique.', 4, 5, 4, 3, 2, 1);

INSERT INTO Reviews 
(r_id, bookings_id, review_date, review, accuracy, communication, cleanliness, `location`, `check-in`, `value`)
VALUES
(88, 88, '2018-07-01', 'Curabitur consequat dolor quis orci imperdiet tristique. Nunc eu purus eu tellus facilisis vestibulum fermentum ut erat. Aenean varius auctor urna, in porttitor lectus tempor pulvinar. Vivamus felis mauris, maximus eget massa in, ullamcorper finibus quam. Aenean nibh dui, commodo sed metus et, laoreet placerat nunc. Maecenas iaculis justo lectus, tincidunt posuere ante tempor quis. Aenean ligula nulla, pharetra id est eleifend, cursus auctor eros. Quisque ut porta leo. Duis lacus odio, tempor at nisi at, pellentesque accumsan felis. Nulla luctus dui mattis urna egestas commodo. Fusce quis luctus tortor.', 2, 3, 4, 5, 4, 3);

INSERT INTO Reviews 
(r_id, bookings_id, review_date, review, accuracy, communication, cleanliness, `location`, `check-in`, `value`)
VALUES
(89, 89, '2018-07-01', 'Lorem ipsum dolor sit amet, consectetur adipiscing elit. Proin congue, dolor nec dictum accumsan, purus velit rhoncus justo, consequat hendrerit felis eros quis justo. Proin commodo malesuada libero. Aenean pharetra est eu maximus consequat. Etiam mattis et mi in pulvinar. Etiam rhoncus urna non est ultricies, vitae gravida est congue. Morbi lacinia nibh eget interdum vestibulum. Aliquam vitae metus sed enim pretium malesuada ac vel nibh. Duis tempus pharetra lectus. Nulla sit amet maximus felis.', 2, 1, 2, 3, 4, 5);

INSERT INTO Reviews 
(r_id, bookings_id, review_date, review, accuracy, communication, cleanliness, `location`, `check-in`, `value`)
VALUES
(90, 90, '2018-08-01', 'Vestibulum ex ante, blandit et lacus tincidunt, pulvinar mattis lorem. Ut condimentum sem risus, vel pulvinar turpis vulputate at. Nullam accumsan sit amet ex non semper. Vestibulum quis bibendum metus. Curabitur non nulla velit. Proin porttitor nibh id dolor convallis ullamcorper. Morbi accumsan nec odio at sagittis. Vestibulum ante ipsum primis in faucibus orci luctus et ultrices posuere cubilia Curae. Sed finibus tincidunt vehicula. In feugiat magna nec massa sollicitudin maximus eu in nisi.', 1, 2, 3, 4, 5, 4);

INSERT INTO Reviews 
(r_id, bookings_id, review_date, review, accuracy, communication, cleanliness, `location`, `check-in`, `value`)
VALUES
(91, 91, '2018-08-01', 'Nunc vitae cursus nulla, vitae mollis ligula. Praesent vitae erat non sapien iaculis blandit. Mauris porta bibendum magna et commodo. Pellentesque laoreet felis eu leo tempus rutrum. Integer ac molestie dolor. Nam interdum augue at consequat scelerisque. Maecenas sed libero et ante cursus condimentum et a libero. Nam gravida lacus enim, eget molestie lacus imperdiet quis. Nulla justo risus, egestas a ornare non, blandit vel eros. Nulla eget maximus eros. Aenean pharetra lorem et vehicula convallis. In consequat egestas commodo. Pellentesque vehicula aliquam nibh a pharetra. Proin dui velit, tempus ut feugiat at, faucibus quis elit.', 1, 2, 3, 4, 5, 4);

INSERT INTO Reviews 
(r_id, bookings_id, review_date, review, accuracy, communication, cleanliness, `location`, `check-in`, `value`)
VALUES
(92, 92, '2018-08-01', 'Phasellus vestibulum sodales massa ac vestibulum. Class aptent taciti sociosqu ad litora torquent per conubia nostra, per inceptos himenaeos. Proin at facilisis nulla. Mauris a aliquet ante, euismod gravida mauris. Nam hendrerit vitae eros vitae accumsan. Nullam in turpis libero. Praesent commodo quis urna at pharetra. Aliquam mauris nisi, vulputate ut mauris ut, sollicitudin molestie justo. Ut ac aliquam magna.', 5, 4, 3, 2, 1, 2);

INSERT INTO Reviews 
(r_id, bookings_id, review_date, review, accuracy, communication, cleanliness, `location`, `check-in`, `value`)
VALUES
(93, 93, '2018-08-01', 'Vestibulum id imperdiet lectus. Interdum et malesuada fames ac ante ipsum primis in faucibus. Aliquam sagittis augue ac venenatis faucibus. Curabitur in est egestas, euismod justo in, lobortis dolor. Etiam maximus ex nec consectetur molestie. Vestibulum dolor est, dignissim ac leo et, consectetur sagittis ligula. Nulla vehicula convallis hendrerit. In posuere porta commodo.', 3, 4, 5, 1, 2, 3);

INSERT INTO Reviews 
(r_id, bookings_id, review_date, review, accuracy, communication, cleanliness, `location`, `check-in`, `value`)
VALUES
(94, 94, '2018-08-01', 'Ut eu lorem risus. Curabitur mattis venenatis quam, eu ultrices mi venenatis a. Aliquam sollicitudin augue non est pulvinar, vel laoreet justo bibendum. Curabitur quis purus diam. Vivamus tempus orci at sagittis luctus. Nullam mauris ipsum, gravida pulvinar consequat vehicula, ornare id enim. Cras cursus mauris id erat varius, quis gravida ipsum mollis. Aenean ligula diam, ultrices id imperdiet vitae, malesuada sit amet tortor. Pellentesque habitant morbi tristique senectus et netus et malesuada fames ac turpis egestas. Quisque quis elit arcu. Sed semper tellus velit, sit amet tristique quam lobortis imperdiet. Phasellus id posuere turpis. Aliquam ut lacus eu nisi hendrerit vulputate.', 4, 5, 1, 2, 3, 4);

INSERT INTO Reviews 
(r_id, bookings_id, review_date, review, accuracy, communication, cleanliness, `location`, `check-in`, `value`)
VALUES
(95, 95, '2018-08-01', 'Donec consectetur eleifend lacus nec feugiat. Praesent vel orci ante. Aenean cursus, ante non commodo consectetur, lacus augue efficitur massa, at fringilla orci eros in elit. Proin ultrices tortor nunc, eget vehicula erat posuere eget. In interdum neque ac sem convallis hendrerit. Cras egestas sollicitudin mattis. Vivamus gravida purus sit amet consectetur tempor. Ut elit orci, iaculis a congue sed, suscipit at ex. Quisque at lacus eu tellus congue rutrum euismod eu leo. Morbi blandit sapien erat, a scelerisque lorem iaculis non. Nunc ultrices justo vel elit porttitor rutrum. Nulla suscipit ex sapien, ut bibendum erat imperdiet id. Quisque sit amet felis rutrum, iaculis ante convallis, semper tellus. Pellentesque habitant morbi tristique senectus et netus et malesuada fames ac turpis egestas. Sed condimentum maximus fermentum.', 5, 4, 3, 2, 1, 5);

INSERT INTO Reviews 
(r_id, bookings_id, review_date, review, accuracy, communication, cleanliness, `location`, `check-in`, `value`)
VALUES
(96, 96, '2018-08-01', 'In venenatis eget nisl eget commodo. Nunc tempus est non feugiat elementum. Vestibulum viverra, ipsum quis vulputate consequat, libero nunc porttitor libero, at molestie erat risus convallis ligula. Curabitur vitae posuere sapien, quis eleifend est. Nam placerat tortor ac massa tincidunt varius. Donec ut pretium risus, eu condimentum enim. Aliquam rhoncus ante magna, sit amet elementum mi feugiat a. Mauris suscipit urna quis ipsum auctor, non ullamcorper mi commodo. Maecenas in hendrerit est. Nulla rhoncus congue posuere. Lorem ipsum dolor sit amet, consectetur adipiscing elit.', 4, 3, 2, 1, 2, 3);

INSERT INTO Reviews 
(r_id, bookings_id, review_date, review, accuracy, communication, cleanliness, `location`, `check-in`, `value`)
VALUES
(97, 97, '2018-08-01', 'Nunc in sollicitudin tellus. Ut bibendum quam eget lectus ultricies molestie. Nulla sit amet imperdiet enim, vitae porta magna. Lorem ipsum dolor sit amet, consectetur adipiscing elit. Suspendisse elementum nisl a nisi lobortis vestibulum. Sed id justo dictum elit venenatis tempor. Mauris elementum massa enim, id pulvinar odio mattis sed. Nunc suscipit erat nec ex aliquet mollis. Vestibulum vel sodales mi, vitae sollicitudin magna. Quisque mollis, leo quis egestas semper, nisi elit interdum mauris, eu euismod est nulla at libero. Proin ut nisl at mauris mattis tristique.', 4, 5, 4, 3, 2, 1);

INSERT INTO Reviews 
(r_id, bookings_id, review_date, review, accuracy, communication, cleanliness, `location`, `check-in`, `value`)
VALUES
(98, 98, '2018-08-01', 'Curabitur consequat dolor quis orci imperdiet tristique. Nunc eu purus eu tellus facilisis vestibulum fermentum ut erat. Aenean varius auctor urna, in porttitor lectus tempor pulvinar. Vivamus felis mauris, maximus eget massa in, ullamcorper finibus quam. Aenean nibh dui, commodo sed metus et, laoreet placerat nunc. Maecenas iaculis justo lectus, tincidunt posuere ante tempor quis. Aenean ligula nulla, pharetra id est eleifend, cursus auctor eros. Quisque ut porta leo. Duis lacus odio, tempor at nisi at, pellentesque accumsan felis. Nulla luctus dui mattis urna egestas commodo. Fusce quis luctus tortor.', 2, 3, 4, 5, 4, 3);

INSERT INTO Reviews 
(r_id, bookings_id, review_date, review, accuracy, communication, cleanliness, `location`, `check-in`, `value`)
VALUES
(99, 99, '2018-08-01', 'Lorem ipsum dolor sit amet, consectetur adipiscing elit. Proin congue, dolor nec dictum accumsan, purus velit rhoncus justo, consequat hendrerit felis eros quis justo. Proin commodo malesuada libero. Aenean pharetra est eu maximus consequat. Etiam mattis et mi in pulvinar. Etiam rhoncus urna non est ultricies, vitae gravida est congue. Morbi lacinia nibh eget interdum vestibulum. Aliquam vitae metus sed enim pretium malesuada ac vel nibh. Duis tempus pharetra lectus. Nulla sit amet maximus felis.', 2, 1, 2, 3, 4, 5);

INSERT INTO Reviews 
(r_id, bookings_id, review_date, review, accuracy, communication, cleanliness, `location`, `check-in`, `value`)
VALUES
(100, 100, '2018-09-01', 'Vestibulum ex ante, blandit et lacus tincidunt, pulvinar mattis lorem. Ut condimentum sem risus, vel pulvinar turpis vulputate at. Nullam accumsan sit amet ex non semper. Vestibulum quis bibendum metus. Curabitur non nulla velit. Proin porttitor nibh id dolor convallis ullamcorper. Morbi accumsan nec odio at sagittis. Vestibulum ante ipsum primis in faucibus orci luctus et ultrices posuere cubilia Curae. Sed finibus tincidunt vehicula. In feugiat magna nec massa sollicitudin maximus eu in nisi.', 1, 2, 3, 4, 5, 4);
