USE staybnb

insert into listings (id) values (001);
insert into listings (id) values (002);
insert into listings (id) values (003);
insert into listings (id) values (004);
insert into listings (id) values (005);
insert into listings (id) values (006);
insert into listings (id) values (007);
insert into listings (id) values (008);
insert into listings (id) values (009);
insert into listings (id) values (010);
insert into listings (id) values (011);
insert into listings (id) values (012);
insert into listings (id) values (013);
insert into listings (id) values (014);
insert into listings (id) values (015);
insert into listings (id) values (016);
insert into listings (id) values (017);
insert into listings (id) values (018);
insert into listings (id) values (019);
insert into listings (id) values (020);
insert into listings (id) values (021);
insert into listings (id) values (022);
insert into listings (id) values (023);
insert into listings (id) values (024);
insert into listings (id) values (025);
insert into listings (id) values (026);
insert into listings (id) values (027);
insert into listings (id) values (028);
insert into listings (id) values (029);
insert into listings (id) values (030);
insert into listings (id) values (031);
insert into listings (id) values (032);
insert into listings (id) values (033);
insert into listings (id) values (034);
insert into listings (id) values (035);
insert into listings (id) values (036);
insert into listings (id) values (037);
insert into listings (id) values (038);
insert into listings (id) values (039);
insert into listings (id) values (040);
insert into listings (id) values (041);
insert into listings (id) values (042);
insert into listings (id) values (043);
insert into listings (id) values (044);
insert into listings (id) values (045);
insert into listings (id) values (046);
insert into listings (id) values (047);
insert into listings (id) values (048);
insert into listings (id) values (049);
insert into listings (id) values (050);
insert into listings (id) values (051);
insert into listings (id) values (052);
insert into listings (id) values (053);
insert into listings (id) values (054);
insert into listings (id) values (055);
insert into listings (id) values (056);
insert into listings (id) values (057);
insert into listings (id) values (058);
insert into listings (id) values (059);
insert into listings (id) values (060);
insert into listings (id) values (061);
insert into listings (id) values (062);
insert into listings (id) values (063);
insert into listings (id) values (064);
insert into listings (id) values (065);
insert into listings (id) values (066);
insert into listings (id) values (067);
insert into listings (id) values (068);
insert into listings (id) values (069);
insert into listings (id) values (070);
insert into listings (id) values (071);
insert into listings (id) values (072);
insert into listings (id) values (073);
insert into listings (id) values (074);
insert into listings (id) values (075);
insert into listings (id) values (076);
insert into listings (id) values (077);
insert into listings (id) values (078);
insert into listings (id) values (079);
insert into listings (id) values (080);
insert into listings (id) values (081);
insert into listings (id) values (082);
insert into listings (id) values (083);
insert into listings (id) values (084);
insert into listings (id) values (085);
insert into listings (id) values (086);
insert into listings (id) values (087);
insert into listings (id) values (088);
insert into listings (id) values (089);
insert into listings (id) values (090);
insert into listings (id) values (091);
insert into listings (id) values (092);
insert into listings (id) values (093);
insert into listings (id) values (094);
insert into listings (id) values (095);
insert into listings (id) values (096);
insert into listings (id) values (097);
insert into listings (id) values (098);
insert into listings (id) values (099);
insert into listings (id) values (100);


INSERT INTO Users (id, username, display_name, photo_url, profile_url) VALUES (1, 'dyitzovicz0', 'Darryl', 'http://dummyimage.com/222x177.png/dddddd/000000', 001);
INSERT INTO Users (id, username, display_name, photo_url, profile_url) VALUES (2, 'areinhart1', 'Antoine', 'http://dummyimage.com/183x214.jpg/cc0000/ffffff', 002);
INSERT INTO Users (id, username, display_name, photo_url, profile_url) VALUES (3, 'hmacmillan2', 'Hedi', 'http://dummyimage.com/109x116.bmp/ff4444/ffffff', 003);
INSERT INTO Users (id, username, display_name, photo_url, profile_url) VALUES (4, 'fburnep3', 'Fredi', 'http://dummyimage.com/113x213.png/cc0000/ffffff', 004);
INSERT INTO Users (id, username, display_name, photo_url, profile_url) VALUES (5, 'hchilley4', 'Hadley', 'http://dummyimage.com/150x186.png/dddddd/000000', 005);
INSERT INTO Users (id, username, display_name, photo_url, profile_url) VALUES (6, 'nbenedtti5', 'Nevil', 'http://dummyimage.com/198x122.bmp/cc0000/ffffff', 006);
INSERT INTO Users (id, username, display_name, photo_url, profile_url) VALUES (7, 'btregea6', 'Bernardine', 'http://dummyimage.com/238x121.png/5fa2dd/ffffff', 007);
INSERT INTO Users (id, username, display_name, photo_url, profile_url) VALUES (8, 'travenscroftt7', 'Trix', 'http://dummyimage.com/201x178.bmp/dddddd/000000', 008);
INSERT INTO Users (id, username, display_name, photo_url, profile_url) VALUES (9, 'cpratty8', 'Catharina', 'http://dummyimage.com/141x134.png/cc0000/ffffff', 009);
INSERT INTO Users (id, username, display_name, photo_url, profile_url) VALUES (10, 'cgrendon9', 'Celka', 'http://dummyimage.com/104x203.bmp/cc0000/ffffff', 010);



INSERT INTO Bookings (id, listings_id, users_id, stay_start, stay_end) VALUES (1,67,6,'2018-02-03','2018-05-19');
INSERT INTO Bookings (id, listings_id, users_id, stay_start, stay_end) VALUES (2,40,9,'2018-05-31','2018-08-10');
INSERT INTO Bookings (id, listings_id, users_id, stay_start, stay_end) VALUES (3,42,5,'2018-10-09','2018-07-10');
INSERT INTO Bookings (id, listings_id, users_id, stay_start, stay_end) VALUES (4,67,5,'2017-12-18','2018-03-04');
INSERT INTO Bookings (id, listings_id, users_id, stay_start, stay_end) VALUES (5,73,3,'2018-08-27','2018-01-24');
INSERT INTO Bookings (id, listings_id, users_id, stay_start, stay_end) VALUES (6,46,5,'2018-06-12','2018-10-08');
INSERT INTO Bookings (id, listings_id, users_id, stay_start, stay_end) VALUES (7,82,9,'2018-01-12','2018-02-25');
INSERT INTO Bookings (id, listings_id, users_id, stay_start, stay_end) VALUES (8,1,7,'2018-08-01','2018-06-09');
INSERT INTO Bookings (id, listings_id, users_id, stay_start, stay_end) VALUES (9,29,2,'2018-02-15','2018-09-19');
INSERT INTO Bookings (id, listings_id, users_id, stay_start, stay_end) VALUES (10,81,8,'2018-02-11','2018-06-20');
INSERT INTO Bookings (id, listings_id, users_id, stay_start, stay_end) VALUES (11,70,8,'2018-09-26','2018-07-18');
INSERT INTO Bookings (id, listings_id, users_id, stay_start, stay_end) VALUES (12,34,7,'2018-08-23','2017-10-26');
INSERT INTO Bookings (id, listings_id, users_id, stay_start, stay_end) VALUES (13,27,4,'2017-10-25','2018-03-10');
INSERT INTO Bookings (id, listings_id, users_id, stay_start, stay_end) VALUES (14,55,8,'2017-12-08','2018-03-23');
INSERT INTO Bookings (id, listings_id, users_id, stay_start, stay_end) VALUES (15,6,10,'2018-10-09','2018-06-28');
INSERT INTO Bookings (id, listings_id, users_id, stay_start, stay_end) VALUES (16,10,7,'2018-10-20','2017-12-29');
INSERT INTO Bookings (id, listings_id, users_id, stay_start, stay_end) VALUES (17,10,9,'2017-12-11','2018-02-03');
INSERT INTO Bookings (id, listings_id, users_id, stay_start, stay_end) VALUES (18,19,4,'2018-05-18','2018-05-28');
INSERT INTO Bookings (id, listings_id, users_id, stay_start, stay_end) VALUES (19,76,5,'2017-10-28','2018-03-22');
INSERT INTO Bookings (id, listings_id, users_id, stay_start, stay_end) VALUES (20,3,10,'2018-03-25','2018-09-11');
INSERT INTO Bookings (id, listings_id, users_id, stay_start, stay_end) VALUES (21,32,2,'2018-09-18','2017-11-20');
INSERT INTO Bookings (id, listings_id, users_id, stay_start, stay_end) VALUES (22,48,10,'2017-10-29','2018-05-17');
INSERT INTO Bookings (id, listings_id, users_id, stay_start, stay_end) VALUES (23,25,2,'2018-08-31','2018-07-04');
INSERT INTO Bookings (id, listings_id, users_id, stay_start, stay_end) VALUES (24,63,5,'2018-06-23','2018-02-01');
INSERT INTO Bookings (id, listings_id, users_id, stay_start, stay_end) VALUES (25,22,6,'2018-08-10','2018-02-24');
INSERT INTO Bookings (id, listings_id, users_id, stay_start, stay_end) VALUES (26,4,7,'2018-04-10','2018-01-18');
INSERT INTO Bookings (id, listings_id, users_id, stay_start, stay_end) VALUES (27,19,9,'2018-06-01','2018-05-26');
INSERT INTO Bookings (id, listings_id, users_id, stay_start, stay_end) VALUES (28,18,1,'2018-02-16','2017-10-26');
INSERT INTO Bookings (id, listings_id, users_id, stay_start, stay_end) VALUES (29,31,9,'2018-10-13','2017-12-28');
INSERT INTO Bookings (id, listings_id, users_id, stay_start, stay_end) VALUES (30,21,8,'2018-02-02','2018-01-30');
INSERT INTO Bookings (id, listings_id, users_id, stay_start, stay_end) VALUES (31,62,5,'2017-11-08','2017-11-11');
INSERT INTO Bookings (id, listings_id, users_id, stay_start, stay_end) VALUES (32,21,10,'2017-11-22','2018-08-05');
INSERT INTO Bookings (id, listings_id, users_id, stay_start, stay_end) VALUES (33,55,9,'2018-10-05','2018-03-12');
INSERT INTO Bookings (id, listings_id, users_id, stay_start, stay_end) VALUES (34,37,1,'2018-03-14','2018-04-10');
INSERT INTO Bookings (id, listings_id, users_id, stay_start, stay_end) VALUES (35,56,4,'2018-04-26','2018-05-11');
INSERT INTO Bookings (id, listings_id, users_id, stay_start, stay_end) VALUES (36,92,6,'2017-11-30','2018-04-03');
INSERT INTO Bookings (id, listings_id, users_id, stay_start, stay_end) VALUES (37,9,7,'2018-08-01','2018-09-26');
INSERT INTO Bookings (id, listings_id, users_id, stay_start, stay_end) VALUES (38,5,10,'2017-11-13','2018-07-12');
INSERT INTO Bookings (id, listings_id, users_id, stay_start, stay_end) VALUES (39,51,4,'2018-10-14','2018-03-10');
INSERT INTO Bookings (id, listings_id, users_id, stay_start, stay_end) VALUES (40,11,5,'2018-02-15','2018-10-02');
INSERT INTO Bookings (id, listings_id, users_id, stay_start, stay_end) VALUES (41,38,8,'2018-09-06','2018-08-05');
INSERT INTO Bookings (id, listings_id, users_id, stay_start, stay_end) VALUES (42,79,2,'2018-08-23','2018-08-19');
INSERT INTO Bookings (id, listings_id, users_id, stay_start, stay_end) VALUES (43,13,3,'2018-02-25','2018-03-15');
INSERT INTO Bookings (id, listings_id, users_id, stay_start, stay_end) VALUES (44,98,9,'2018-07-22','2018-06-06');
INSERT INTO Bookings (id, listings_id, users_id, stay_start, stay_end) VALUES (45,20,2,'2018-04-18','2018-03-24');
INSERT INTO Bookings (id, listings_id, users_id, stay_start, stay_end) VALUES (46,18,9,'2018-08-24','2018-02-23');
INSERT INTO Bookings (id, listings_id, users_id, stay_start, stay_end) VALUES (47,2,4,'2018-05-30','2018-05-24');
INSERT INTO Bookings (id, listings_id, users_id, stay_start, stay_end) VALUES (48,39,5,'2017-11-04','2017-12-25');
INSERT INTO Bookings (id, listings_id, users_id, stay_start, stay_end) VALUES (49,6,3,'2018-08-14','2018-06-06');
INSERT INTO Bookings (id, listings_id, users_id, stay_start, stay_end) VALUES (50,77,6,'2018-05-14','2017-11-28');
INSERT INTO Bookings (id, listings_id, users_id, stay_start, stay_end) VALUES (51,61,5,'2018-02-28','2018-07-11');
INSERT INTO Bookings (id, listings_id, users_id, stay_start, stay_end) VALUES (52,34,1,'2018-04-17','2018-05-04');
INSERT INTO Bookings (id, listings_id, users_id, stay_start, stay_end) VALUES (53,61,5,'2017-12-25','2018-09-21');
INSERT INTO Bookings (id, listings_id, users_id, stay_start, stay_end) VALUES (54,53,9,'2017-12-31','2017-11-28');
INSERT INTO Bookings (id, listings_id, users_id, stay_start, stay_end) VALUES (55,89,2,'2018-02-15','2018-03-31');
INSERT INTO Bookings (id, listings_id, users_id, stay_start, stay_end) VALUES (56,77,9,'2018-08-30','2018-06-13');
INSERT INTO Bookings (id, listings_id, users_id, stay_start, stay_end) VALUES (57,99,10,'2018-01-03','2018-05-24');
INSERT INTO Bookings (id, listings_id, users_id, stay_start, stay_end) VALUES (58,88,4,'2018-01-11','2018-08-26');
INSERT INTO Bookings (id, listings_id, users_id, stay_start, stay_end) VALUES (59,93,1,'2018-04-13','2018-01-14');
INSERT INTO Bookings (id, listings_id, users_id, stay_start, stay_end) VALUES (60,66,4,'2018-04-03','2018-07-25');
INSERT INTO Bookings (id, listings_id, users_id, stay_start, stay_end) VALUES (61,54,5,'2018-06-30','2018-03-23');
INSERT INTO Bookings (id, listings_id, users_id, stay_start, stay_end) VALUES (62,77,9,'2017-12-25','2018-04-30');
INSERT INTO Bookings (id, listings_id, users_id, stay_start, stay_end) VALUES (63,19,9,'2018-08-11','2018-05-28');
INSERT INTO Bookings (id, listings_id, users_id, stay_start, stay_end) VALUES (64,56,2,'2018-02-09','2018-06-03');
INSERT INTO Bookings (id, listings_id, users_id, stay_start, stay_end) VALUES (65,36,2,'2017-11-03','2018-04-28');
INSERT INTO Bookings (id, listings_id, users_id, stay_start, stay_end) VALUES (66,91,5,'2018-06-09','2017-12-29');
INSERT INTO Bookings (id, listings_id, users_id, stay_start, stay_end) VALUES (67,64,7,'2017-11-28','2018-02-07');
INSERT INTO Bookings (id, listings_id, users_id, stay_start, stay_end) VALUES (68,41,5,'2018-08-20','2017-11-04');
INSERT INTO Bookings (id, listings_id, users_id, stay_start, stay_end) VALUES (69,37,7,'2018-09-29','2018-04-07');
INSERT INTO Bookings (id, listings_id, users_id, stay_start, stay_end) VALUES (70,32,1,'2018-09-01','2018-10-06');
INSERT INTO Bookings (id, listings_id, users_id, stay_start, stay_end) VALUES (71,88,3,'2018-04-16','2018-09-14');
INSERT INTO Bookings (id, listings_id, users_id, stay_start, stay_end) VALUES (72,47,10,'2018-06-06','2018-07-21');
INSERT INTO Bookings (id, listings_id, users_id, stay_start, stay_end) VALUES (73,33,10,'2018-09-03','2018-03-31');
INSERT INTO Bookings (id, listings_id, users_id, stay_start, stay_end) VALUES (74,26,7,'2018-08-29','2018-10-19');
INSERT INTO Bookings (id, listings_id, users_id, stay_start, stay_end) VALUES (75,17,3,'2018-02-05','2018-03-14');
INSERT INTO Bookings (id, listings_id, users_id, stay_start, stay_end) VALUES (76,61,1,'2018-01-31','2018-06-27');
INSERT INTO Bookings (id, listings_id, users_id, stay_start, stay_end) VALUES (77,76,9,'2018-08-09','2018-07-17');
INSERT INTO Bookings (id, listings_id, users_id, stay_start, stay_end) VALUES (78,83,1,'2018-05-15','2018-04-29');
INSERT INTO Bookings (id, listings_id, users_id, stay_start, stay_end) VALUES (79,83,10,'2018-05-07','2018-02-09');
INSERT INTO Bookings (id, listings_id, users_id, stay_start, stay_end) VALUES (80,13,5,'2018-06-23','2018-02-28');
INSERT INTO Bookings (id, listings_id, users_id, stay_start, stay_end) VALUES (81,75,4,'2017-11-25','2018-10-03');
INSERT INTO Bookings (id, listings_id, users_id, stay_start, stay_end) VALUES (82,47,3,'2018-01-30','2018-01-18');
INSERT INTO Bookings (id, listings_id, users_id, stay_start, stay_end) VALUES (83,80,7,'2018-06-07','2017-11-27');
INSERT INTO Bookings (id, listings_id, users_id, stay_start, stay_end) VALUES (84,25,5,'2018-09-03','2018-10-11');
INSERT INTO Bookings (id, listings_id, users_id, stay_start, stay_end) VALUES (85,56,2,'2018-02-27','2018-10-15');
INSERT INTO Bookings (id, listings_id, users_id, stay_start, stay_end) VALUES (86,42,8,'2018-09-04','2018-05-16');
INSERT INTO Bookings (id, listings_id, users_id, stay_start, stay_end) VALUES (87,82,6,'2018-03-22','2018-06-02');
INSERT INTO Bookings (id, listings_id, users_id, stay_start, stay_end) VALUES (88,5,6,'2018-09-30','2018-02-27');
INSERT INTO Bookings (id, listings_id, users_id, stay_start, stay_end) VALUES (89,83,8,'2018-08-05','2018-03-18');
INSERT INTO Bookings (id, listings_id, users_id, stay_start, stay_end) VALUES (90,38,5,'2017-12-12','2018-08-18');
INSERT INTO Bookings (id, listings_id, users_id, stay_start, stay_end) VALUES (91,22,2,'2018-08-21','2017-11-13');
INSERT INTO Bookings (id, listings_id, users_id, stay_start, stay_end) VALUES (92,25,3,'2018-02-01','2018-02-24');
INSERT INTO Bookings (id, listings_id, users_id, stay_start, stay_end) VALUES (93,24,5,'2018-02-03','2018-09-25');
INSERT INTO Bookings (id, listings_id, users_id, stay_start, stay_end) VALUES (94,85,5,'2018-09-25','2017-12-07');
INSERT INTO Bookings (id, listings_id, users_id, stay_start, stay_end) VALUES (95,47,7,'2017-12-31','2018-10-11');
INSERT INTO Bookings (id, listings_id, users_id, stay_start, stay_end) VALUES (96,55,4,'2018-02-20','2018-02-09');
INSERT INTO Bookings (id, listings_id, users_id, stay_start, stay_end) VALUES (97,13,3,'2018-03-22','2017-11-02');
INSERT INTO Bookings (id, listings_id, users_id, stay_start, stay_end) VALUES (98,26,8,'2017-11-16','2018-01-19');
INSERT INTO Bookings (id, listings_id, users_id, stay_start, stay_end) VALUES (99,49,7,'2018-05-05','2018-06-05');
INSERT INTO Bookings (id, listings_id, users_id, stay_start, stay_end) VALUES (100,26,1,'2018-06-03','2018-01-05');

INSERT INTO Reviews 
(id, bookings_id, review_date, review, accuracy, communication, cleanliness, `location`, `check-in`, `value`)
VALUES
(1, 1, '2018-01-01', 'abcesdsflasjfsd slkfjsdlkj fls lskdf sldkf jslf ksl', 1, 2, 3, 4, 5, 6);